"user_id","item_list","item_list_len","cate_list","cate_lsit_len","tag_list","tag_list_len","gender","target"
"10000062","54;248;396;396;396;396;695;820;1120;1146;1769;1895;3169;4590;6053;6307;7350;19049;19049;28045;146417;173744;180245;274836;274906;484141",26,"0;0;0;0;0;0;0;0;0;0;0;0;5;5;5;6;6;7;7;10;10;10;10;10;10;12;13",27,"5;5;5;8;8;8;8;8;8;9;11;12;12;13;13;14;14;16;16;21;24;27;29;29;29;29;29;29;29;29;29;39",32,"1",396
"10000062","54;248;396;396;396;396;695;820;1120;1146;1769;1895;3169;4590;6053;6307;7350;19049;19049;28045;146417;173744;180245;274836;274906;484141",26,"0;0;0;0;0;0;0;0;0;0;0;0;5;5;5;6;6;7;7;10;10;10;10;10;10;12;13",27,"5;5;5;8;8;8;8;8;8;9;11;12;12;13;13;14;14;16;16;21;24;27;29;29;29;29;29;29;29;29;29;39",32,"1",248
"10000062","54;248;396;396;396;396;695;820;1120;1146;1769;1895;3169;4590;6053;6307;7350;19049;19049;28045;146417;173744;180245;274836;274906;484141",26,"0;0;0;0;0;0;0;0;0;0;0;0;5;5;5;6;6;7;7;10;10;10;10;10;10;12;13",27,"5;5;5;8;8;8;8;8;8;9;11;12;12;13;13;14;14;16;16;21;24;27;29;29;29;29;29;29;29;29;29;39",32,"1",1146
"10000062","54;248;396;396;396;396;695;820;1120;1146;1769;1895;3169;4590;6053;6307;7350;19049;19049;28045;146417;173744;180245;274836;274906;484141",26,"0;0;0;0;0;0;0;0;0;0;0;0;5;5;5;6;6;7;7;10;10;10;10;10;10;12;13",27,"5;5;5;8;8;8;8;8;8;9;11;12;12;13;13;14;14;16;16;21;24;27;29;29;29;29;29;29;29;29;29;39",32,"1",1769
"10000062","54;248;396;396;396;396;695;820;1120;1146;1769;1895;3169;4590;6053;6307;7350;19049;19049;28045;146417;173744;180245;274836;274906;484141",26,"0;0;0;0;0;0;0;0;0;0;0;0;5;5;5;6;6;7;7;10;10;10;10;10;10;12;13",27,"5;5;5;8;8;8;8;8;8;9;11;12;12;13;13;14;14;16;16;21;24;27;29;29;29;29;29;29;29;29;29;39",32,"1",1895
"10000062","54;248;396;396;396;396;695;820;1120;1146;1769;1895;3169;4590;6053;6307;7350;19049;19049;28045;146417;173744;180245;274836;274906;484141",26,"0;0;0;0;0;0;0;0;0;0;0;0;5;5;5;6;6;7;7;10;10;10;10;10;10;12;13",27,"5;5;5;8;8;8;8;8;8;9;11;12;12;13;13;14;14;16;16;21;24;27;29;29;29;29;29;29;29;29;29;39",32,"1",1120
"10000062","54;248;396;396;396;396;695;820;1120;1146;1769;1895;3169;4590;6053;6307;7350;19049;19049;28045;146417;173744;180245;274836;274906;484141",26,"0;0;0;0;0;0;0;0;0;0;0;0;5;5;5;6;6;7;7;10;10;10;10;10;10;12;13",27,"5;5;5;8;8;8;8;8;8;9;11;12;12;13;13;14;14;16;16;21;24;27;29;29;29;29;29;29;29;29;29;39",32,"1",3169
"10000062","54;248;396;396;396;396;695;820;1120;1146;1769;1895;3169;4590;6053;6307;7350;19049;19049;28045;146417;173744;180245;274836;274906;484141",26,"0;0;0;0;0;0;0;0;0;0;0;0;5;5;5;6;6;7;7;10;10;10;10;10;10;12;13",27,"5;5;5;8;8;8;8;8;8;9;11;12;12;13;13;14;14;16;16;21;24;27;29;29;29;29;29;29;29;29;29;39",32,"1",396
"10000062","54;248;396;396;396;396;695;820;1120;1146;1769;1895;3169;4590;6053;6307;7350;19049;19049;28045;146417;173744;180245;274836;274906;484141",26,"0;0;0;0;0;0;0;0;0;0;0;0;5;5;5;6;6;7;7;10;10;10;10;10;10;12;13",27,"5;5;5;8;8;8;8;8;8;9;11;12;12;13;13;14;14;16;16;21;24;27;29;29;29;29;29;29;29;29;29;39",32,"1",695
"10000062","54;248;396;396;396;396;695;820;1120;1146;1769;1895;3169;4590;6053;6307;7350;19049;19049;28045;146417;173744;180245;274836;274906;484141",26,"0;0;0;0;0;0;0;0;0;0;0;0;5;5;5;6;6;7;7;10;10;10;10;10;10;12;13",27,"5;5;5;8;8;8;8;8;8;9;11;12;12;13;13;14;14;16;16;21;24;27;29;29;29;29;29;29;29;29;29;39",32,"1",4590
"10000062","54;248;396;396;396;396;695;820;1120;1146;1769;1895;3169;4590;6053;6307;7350;19049;19049;28045;146417;173744;180245;274836;274906;484141",26,"0;0;0;0;0;0;0;0;0;0;0;0;5;5;5;6;6;7;7;10;10;10;10;10;10;12;13",27,"5;5;5;8;8;8;8;8;8;9;11;12;12;13;13;14;14;16;16;21;24;27;29;29;29;29;29;29;29;29;29;39",32,"1",6053
"10000062","54;248;396;396;396;396;695;820;1120;1146;1769;1895;3169;4590;6053;6307;7350;19049;19049;28045;146417;173744;180245;274836;274906;484141",26,"0;0;0;0;0;0;0;0;0;0;0;0;5;5;5;6;6;7;7;10;10;10;10;10;10;12;13",27,"5;5;5;8;8;8;8;8;8;9;11;12;12;13;13;14;14;16;16;21;24;27;29;29;29;29;29;29;29;29;29;39",32,"1",54
"10000062","54;248;396;396;396;396;695;820;1120;1146;1769;1895;3169;4590;6053;6307;7350;19049;19049;28045;146417;173744;180245;274836;274906;484141",26,"0;0;0;0;0;0;0;0;0;0;0;0;5;5;5;6;6;7;7;10;10;10;10;10;10;12;13",27,"5;5;5;8;8;8;8;8;8;9;11;12;12;13;13;14;14;16;16;21;24;27;29;29;29;29;29;29;29;29;29;39",32,"1",396
"10000062","54;248;396;396;396;396;695;820;1120;1146;1769;1895;3169;4590;6053;6307;7350;19049;19049;28045;146417;173744;180245;274836;274906;484141",26,"0;0;0;0;0;0;0;0;0;0;0;0;5;5;5;6;6;7;7;10;10;10;10;10;10;12;13",27,"5;5;5;8;8;8;8;8;8;9;11;12;12;13;13;14;14;16;16;21;24;27;29;29;29;29;29;29;29;29;29;39",32,"1",6307
"10000062","54;248;396;396;396;396;695;820;1120;1146;1769;1895;3169;4590;6053;6307;7350;19049;19049;28045;146417;173744;180245;274836;274906;484141",26,"0;0;0;0;0;0;0;0;0;0;0;0;5;5;5;6;6;7;7;10;10;10;10;10;10;12;13",27,"5;5;5;8;8;8;8;8;8;9;11;12;12;13;13;14;14;16;16;21;24;27;29;29;29;29;29;29;29;29;29;39",32,"1",7350
"10000062","54;248;396;396;396;396;695;820;1120;1146;1769;1895;3169;4590;6053;6307;7350;19049;19049;28045;146417;173744;180245;274836;274906;484141",26,"0;0;0;0;0;0;0;0;0;0;0;0;5;5;5;6;6;7;7;10;10;10;10;10;10;12;13",27,"5;5;5;8;8;8;8;8;8;9;11;12;12;13;13;14;14;16;16;21;24;27;29;29;29;29;29;29;29;29;29;39",32,"1",19049
"10000062","54;248;396;396;396;396;695;820;1120;1146;1769;1895;3169;4590;6053;6307;7350;19049;19049;28045;146417;173744;180245;274836;274906;484141",26,"0;0;0;0;0;0;0;0;0;0;0;0;5;5;5;6;6;7;7;10;10;10;10;10;10;12;13",27,"5;5;5;8;8;8;8;8;8;9;11;12;12;13;13;14;14;16;16;21;24;27;29;29;29;29;29;29;29;29;29;39",32,"1",19049
"10000062","54;248;396;396;396;396;695;820;1120;1146;1769;1895;3169;4590;6053;6307;7350;19049;19049;28045;146417;173744;180245;274836;274906;484141",26,"0;0;0;0;0;0;0;0;0;0;0;0;5;5;5;6;6;7;7;10;10;10;10;10;10;12;13",27,"5;5;5;8;8;8;8;8;8;9;11;12;12;13;13;14;14;16;16;21;24;27;29;29;29;29;29;29;29;29;29;39",32,"1",28045
"10000062","54;248;396;396;396;396;695;820;1120;1146;1769;1895;3169;4590;6053;6307;7350;19049;19049;28045;146417;173744;180245;274836;274906;484141",26,"0;0;0;0;0;0;0;0;0;0;0;0;5;5;5;6;6;7;7;10;10;10;10;10;10;12;13",27,"5;5;5;8;8;8;8;8;8;9;11;12;12;13;13;14;14;16;16;21;24;27;29;29;29;29;29;29;29;29;29;39",32,"1",146417
"10000062","54;248;396;396;396;396;695;820;1120;1146;1769;1895;3169;4590;6053;6307;7350;19049;19049;28045;146417;173744;180245;274836;274906;484141",26,"0;0;0;0;0;0;0;0;0;0;0;0;5;5;5;6;6;7;7;10;10;10;10;10;10;12;13",27,"5;5;5;8;8;8;8;8;8;9;11;12;12;13;13;14;14;16;16;21;24;27;29;29;29;29;29;29;29;29;29;39",32,"1",173744
"10000062","54;248;396;396;396;396;695;820;1120;1146;1769;1895;3169;4590;6053;6307;7350;19049;19049;28045;146417;173744;180245;274836;274906;484141",26,"0;0;0;0;0;0;0;0;0;0;0;0;5;5;5;6;6;7;7;10;10;10;10;10;10;12;13",27,"5;5;5;8;8;8;8;8;8;9;11;12;12;13;13;14;14;16;16;21;24;27;29;29;29;29;29;29;29;29;29;39",32,"1",180245
"10000062","54;248;396;396;396;396;695;820;1120;1146;1769;1895;3169;4590;6053;6307;7350;19049;19049;28045;146417;173744;180245;274836;274906;484141",26,"0;0;0;0;0;0;0;0;0;0;0;0;5;5;5;6;6;7;7;10;10;10;10;10;10;12;13",27,"5;5;5;8;8;8;8;8;8;9;11;12;12;13;13;14;14;16;16;21;24;27;29;29;29;29;29;29;29;29;29;39",32,"1",820
"10000062","54;248;396;396;396;396;695;820;1120;1146;1769;1895;3169;4590;6053;6307;7350;19049;19049;28045;146417;173744;180245;274836;274906;484141",26,"0;0;0;0;0;0;0;0;0;0;0;0;5;5;5;6;6;7;7;10;10;10;10;10;10;12;13",27,"5;5;5;8;8;8;8;8;8;9;11;12;12;13;13;14;14;16;16;21;24;27;29;29;29;29;29;29;29;29;29;39",32,"1",274836
"10000062","54;248;396;396;396;396;695;820;1120;1146;1769;1895;3169;4590;6053;6307;7350;19049;19049;28045;146417;173744;180245;274836;274906;484141",26,"0;0;0;0;0;0;0;0;0;0;0;0;5;5;5;6;6;7;7;10;10;10;10;10;10;12;13",27,"5;5;5;8;8;8;8;8;8;9;11;12;12;13;13;14;14;16;16;21;24;27;29;29;29;29;29;29;29;29;29;39",32,"1",274906
"10000062","54;248;396;396;396;396;695;820;1120;1146;1769;1895;3169;4590;6053;6307;7350;19049;19049;28045;146417;173744;180245;274836;274906;484141",26,"0;0;0;0;0;0;0;0;0;0;0;0;5;5;5;6;6;7;7;10;10;10;10;10;10;12;13",27,"5;5;5;8;8;8;8;8;8;9;11;12;12;13;13;14;14;16;16;21;24;27;29;29;29;29;29;29;29;29;29;39",32,"1",484141
"10000062","54;248;396;396;396;396;695;820;1120;1146;1769;1895;3169;4590;6053;6307;7350;19049;19049;28045;146417;173744;180245;274836;274906;484141",26,"0;0;0;0;0;0;0;0;0;0;0;0;5;5;5;6;6;7;7;10;10;10;10;10;10;12;13",27,"5;5;5;8;8;8;8;8;8;9;11;12;12;13;13;14;14;16;16;21;24;27;29;29;29;29;29;29;29;29;29;39",32,"1",396
"10000069","6;212;476;4836;4918;17129;22230;38152",8,"1;2;6;7;8;12;12;12",8,"0;3;4;9;13;21;21;21;53",9,"0",17129
"10000069","6;212;476;4836;4918;17129;22230;38152",8,"1;2;6;7;8;12;12;12",8,"0;3;4;9;13;21;21;21;53",9,"0",6
"10000069","6;212;476;4836;4918;17129;22230;38152",8,"1;2;6;7;8;12;12;12",8,"0;3;4;9;13;21;21;21;53",9,"0",212
"10000069","6;212;476;4836;4918;17129;22230;38152",8,"1;2;6;7;8;12;12;12",8,"0;3;4;9;13;21;21;21;53",9,"0",476
"10000069","6;212;476;4836;4918;17129;22230;38152",8,"1;2;6;7;8;12;12;12",8,"0;3;4;9;13;21;21;21;53",9,"0",4836
"10000069","6;212;476;4836;4918;17129;22230;38152",8,"1;2;6;7;8;12;12;12",8,"0;3;4;9;13;21;21;21;53",9,"0",4918
"10000069","6;212;476;4836;4918;17129;22230;38152",8,"1;2;6;7;8;12;12;12",8,"0;3;4;9;13;21;21;21;53",9,"0",22230
"10000069","6;212;476;4836;4918;17129;22230;38152",8,"1;2;6;7;8;12;12;12",8,"0;3;4;9;13;21;21;21;53",9,"0",38152
"1000008","219;260;1120;1799;2218;3045;3106;3407;4251;4920;6713;7552;14415;17140;17198;19166;20047;24648;40058;42635;46329;67736;77329;86187;192930",25,"0;0;0;0;0;0;0;0;0;0;1;1;1;2;2;2;3;3;6;6;6;10;10;11;13;14",26,"0;0;1;2;2;2;5;5;5;5;5;5;6;6;8;8;9;9;9;12;13;20;23;29;29;29;40;45;47;66;75",31,"1",219
"1000008","219;260;1120;1799;2218;3045;3106;3407;4251;4920;6713;7552;14415;17140;17198;19166;20047;24648;40058;42635;46329;67736;77329;86187;192930",25,"0;0;0;0;0;0;0;0;0;0;1;1;1;2;2;2;3;3;6;6;6;10;10;11;13;14",26,"0;0;1;2;2;2;5;5;5;5;5;5;6;6;8;8;9;9;9;12;13;20;23;29;29;29;40;45;47;66;75",31,"1",260
"1000008","219;260;1120;1799;2218;3045;3106;3407;4251;4920;6713;7552;14415;17140;17198;19166;20047;24648;40058;42635;46329;67736;77329;86187;192930",25,"0;0;0;0;0;0;0;0;0;0;1;1;1;2;2;2;3;3;6;6;6;10;10;11;13;14",26,"0;0;1;2;2;2;5;5;5;5;5;5;6;6;8;8;9;9;9;12;13;20;23;29;29;29;40;45;47;66;75",31,"1",1120
"1000008","219;260;1120;1799;2218;3045;3106;3407;4251;4920;6713;7552;14415;17140;17198;19166;20047;24648;40058;42635;46329;67736;77329;86187;192930",25,"0;0;0;0;0;0;0;0;0;0;1;1;1;2;2;2;3;3;6;6;6;10;10;11;13;14",26,"0;0;1;2;2;2;5;5;5;5;5;5;6;6;8;8;9;9;9;12;13;20;23;29;29;29;40;45;47;66;75",31,"1",1799
"1000008","219;260;1120;1799;2218;3045;3106;3407;4251;4920;6713;7552;14415;17140;17198;19166;20047;24648;40058;42635;46329;67736;77329;86187;192930",25,"0;0;0;0;0;0;0;0;0;0;1;1;1;2;2;2;3;3;6;6;6;10;10;11;13;14",26,"0;0;1;2;2;2;5;5;5;5;5;5;6;6;8;8;9;9;9;12;13;20;23;29;29;29;40;45;47;66;75",31,"1",2218
"1000008","219;260;1120;1799;2218;3045;3106;3407;4251;4920;6713;7552;14415;17140;17198;19166;20047;24648;40058;42635;46329;67736;77329;86187;192930",25,"0;0;0;0;0;0;0;0;0;0;1;1;1;2;2;2;3;3;6;6;6;10;10;11;13;14",26,"0;0;1;2;2;2;5;5;5;5;5;5;6;6;8;8;9;9;9;12;13;20;23;29;29;29;40;45;47;66;75",31,"1",3045
"1000008","219;260;1120;1799;2218;3045;3106;3407;4251;4920;6713;7552;14415;17140;17198;19166;20047;24648;40058;42635;46329;67736;77329;86187;192930",25,"0;0;0;0;0;0;0;0;0;0;1;1;1;2;2;2;3;3;6;6;6;10;10;11;13;14",26,"0;0;1;2;2;2;5;5;5;5;5;5;6;6;8;8;9;9;9;12;13;20;23;29;29;29;40;45;47;66;75",31,"1",3106
"1000008","219;260;1120;1799;2218;3045;3106;3407;4251;4920;6713;7552;14415;17140;17198;19166;20047;24648;40058;42635;46329;67736;77329;86187;192930",25,"0;0;0;0;0;0;0;0;0;0;1;1;1;2;2;2;3;3;6;6;6;10;10;11;13;14",26,"0;0;1;2;2;2;5;5;5;5;5;5;6;6;8;8;9;9;9;12;13;20;23;29;29;29;40;45;47;66;75",31,"1",3407
"1000008","219;260;1120;1799;2218;3045;3106;3407;4251;4920;6713;7552;14415;17140;17198;19166;20047;24648;40058;42635;46329;67736;77329;86187;192930",25,"0;0;0;0;0;0;0;0;0;0;1;1;1;2;2;2;3;3;6;6;6;10;10;11;13;14",26,"0;0;1;2;2;2;5;5;5;5;5;5;6;6;8;8;9;9;9;12;13;20;23;29;29;29;40;45;47;66;75",31,"1",4251
"1000008","219;260;1120;1799;2218;3045;3106;3407;4251;4920;6713;7552;14415;17140;17198;19166;20047;24648;40058;42635;46329;67736;77329;86187;192930",25,"0;0;0;0;0;0;0;0;0;0;1;1;1;2;2;2;3;3;6;6;6;10;10;11;13;14",26,"0;0;1;2;2;2;5;5;5;5;5;5;6;6;8;8;9;9;9;12;13;20;23;29;29;29;40;45;47;66;75",31,"1",4920
"1000008","219;260;1120;1799;2218;3045;3106;3407;4251;4920;6713;7552;14415;17140;17198;19166;20047;24648;40058;42635;46329;67736;77329;86187;192930",25,"0;0;0;0;0;0;0;0;0;0;1;1;1;2;2;2;3;3;6;6;6;10;10;11;13;14",26,"0;0;1;2;2;2;5;5;5;5;5;5;6;6;8;8;9;9;9;12;13;20;23;29;29;29;40;45;47;66;75",31,"1",6713
"1000008","219;260;1120;1799;2218;3045;3106;3407;4251;4920;6713;7552;14415;17140;17198;19166;20047;24648;40058;42635;46329;67736;77329;86187;192930",25,"0;0;0;0;0;0;0;0;0;0;1;1;1;2;2;2;3;3;6;6;6;10;10;11;13;14",26,"0;0;1;2;2;2;5;5;5;5;5;5;6;6;8;8;9;9;9;12;13;20;23;29;29;29;40;45;47;66;75",31,"1",7552
"1000008","219;260;1120;1799;2218;3045;3106;3407;4251;4920;6713;7552;14415;17140;17198;19166;20047;24648;40058;42635;46329;67736;77329;86187;192930",25,"0;0;0;0;0;0;0;0;0;0;1;1;1;2;2;2;3;3;6;6;6;10;10;11;13;14",26,"0;0;1;2;2;2;5;5;5;5;5;5;6;6;8;8;9;9;9;12;13;20;23;29;29;29;40;45;47;66;75",31,"1",14415
"1000008","219;260;1120;1799;2218;3045;3106;3407;4251;4920;6713;7552;14415;17140;17198;19166;20047;24648;40058;42635;46329;67736;77329;86187;192930",25,"0;0;0;0;0;0;0;0;0;0;1;1;1;2;2;2;3;3;6;6;6;10;10;11;13;14",26,"0;0;1;2;2;2;5;5;5;5;5;5;6;6;8;8;9;9;9;12;13;20;23;29;29;29;40;45;47;66;75",31,"1",17140
"1000008","219;260;1120;1799;2218;3045;3106;3407;4251;4920;6713;7552;14415;17140;17198;19166;20047;24648;40058;42635;46329;67736;77329;86187;192930",25,"0;0;0;0;0;0;0;0;0;0;1;1;1;2;2;2;3;3;6;6;6;10;10;11;13;14",26,"0;0;1;2;2;2;5;5;5;5;5;5;6;6;8;8;9;9;9;12;13;20;23;29;29;29;40;45;47;66;75",31,"1",17198
"1000008","219;260;1120;1799;2218;3045;3106;3407;4251;4920;6713;7552;14415;17140;17198;19166;20047;24648;40058;42635;46329;67736;77329;86187;192930",25,"0;0;0;0;0;0;0;0;0;0;1;1;1;2;2;2;3;3;6;6;6;10;10;11;13;14",26,"0;0;1;2;2;2;5;5;5;5;5;5;6;6;8;8;9;9;9;12;13;20;23;29;29;29;40;45;47;66;75",31,"1",19166
"1000008","219;260;1120;1799;2218;3045;3106;3407;4251;4920;6713;7552;14415;17140;17198;19166;20047;24648;40058;42635;46329;67736;77329;86187;192930",25,"0;0;0;0;0;0;0;0;0;0;1;1;1;2;2;2;3;3;6;6;6;10;10;11;13;14",26,"0;0;1;2;2;2;5;5;5;5;5;5;6;6;8;8;9;9;9;12;13;20;23;29;29;29;40;45;47;66;75",31,"1",20047
"1000008","219;260;1120;1799;2218;3045;3106;3407;4251;4920;6713;7552;14415;17140;17198;19166;20047;24648;40058;42635;46329;67736;77329;86187;192930",25,"0;0;0;0;0;0;0;0;0;0;1;1;1;2;2;2;3;3;6;6;6;10;10;11;13;14",26,"0;0;1;2;2;2;5;5;5;5;5;5;6;6;8;8;9;9;9;12;13;20;23;29;29;29;40;45;47;66;75",31,"1",24648
"1000008","219;260;1120;1799;2218;3045;3106;3407;4251;4920;6713;7552;14415;17140;17198;19166;20047;24648;40058;42635;46329;67736;77329;86187;192930",25,"0;0;0;0;0;0;0;0;0;0;1;1;1;2;2;2;3;3;6;6;6;10;10;11;13;14",26,"0;0;1;2;2;2;5;5;5;5;5;5;6;6;8;8;9;9;9;12;13;20;23;29;29;29;40;45;47;66;75",31,"1",40058
"1000008","219;260;1120;1799;2218;3045;3106;3407;4251;4920;6713;7552;14415;17140;17198;19166;20047;24648;40058;42635;46329;67736;77329;86187;192930",25,"0;0;0;0;0;0;0;0;0;0;1;1;1;2;2;2;3;3;6;6;6;10;10;11;13;14",26,"0;0;1;2;2;2;5;5;5;5;5;5;6;6;8;8;9;9;9;12;13;20;23;29;29;29;40;45;47;66;75",31,"1",42635
"1000008","219;260;1120;1799;2218;3045;3106;3407;4251;4920;6713;7552;14415;17140;17198;19166;20047;24648;40058;42635;46329;67736;77329;86187;192930",25,"0;0;0;0;0;0;0;0;0;0;1;1;1;2;2;2;3;3;6;6;6;10;10;11;13;14",26,"0;0;1;2;2;2;5;5;5;5;5;5;6;6;8;8;9;9;9;12;13;20;23;29;29;29;40;45;47;66;75",31,"1",46329
"1000008","219;260;1120;1799;2218;3045;3106;3407;4251;4920;6713;7552;14415;17140;17198;19166;20047;24648;40058;42635;46329;67736;77329;86187;192930",25,"0;0;0;0;0;0;0;0;0;0;1;1;1;2;2;2;3;3;6;6;6;10;10;11;13;14",26,"0;0;1;2;2;2;5;5;5;5;5;5;6;6;8;8;9;9;9;12;13;20;23;29;29;29;40;45;47;66;75",31,"1",67736
"1000008","219;260;1120;1799;2218;3045;3106;3407;4251;4920;6713;7552;14415;17140;17198;19166;20047;24648;40058;42635;46329;67736;77329;86187;192930",25,"0;0;0;0;0;0;0;0;0;0;1;1;1;2;2;2;3;3;6;6;6;10;10;11;13;14",26,"0;0;1;2;2;2;5;5;5;5;5;5;6;6;8;8;9;9;9;12;13;20;23;29;29;29;40;45;47;66;75",31,"1",77329
"1000008","219;260;1120;1799;2218;3045;3106;3407;4251;4920;6713;7552;14415;17140;17198;19166;20047;24648;40058;42635;46329;67736;77329;86187;192930",25,"0;0;0;0;0;0;0;0;0;0;1;1;1;2;2;2;3;3;6;6;6;10;10;11;13;14",26,"0;0;1;2;2;2;5;5;5;5;5;5;6;6;8;8;9;9;9;12;13;20;23;29;29;29;40;45;47;66;75",31,"1",86187
"1000008","219;260;1120;1799;2218;3045;3106;3407;4251;4920;6713;7552;14415;17140;17198;19166;20047;24648;40058;42635;46329;67736;77329;86187;192930",25,"0;0;0;0;0;0;0;0;0;0;1;1;1;2;2;2;3;3;6;6;6;10;10;11;13;14",26,"0;0;1;2;2;2;5;5;5;5;5;5;6;6;8;8;9;9;9;12;13;20;23;29;29;29;40;45;47;66;75",31,"1",192930
"10000080","9",1,"4",1,"17;33",2,"0",9
"10000097","79;136;450",3,"1;1;1",3,"0;0;23",3,"1",79
"10000097","79;136;450",3,"1;1;1",3,"0;0;23",3,"1",136
"10000097","79;136;450",3,"1;1;1",3,"0;0;23",3,"1",450
"100001","483;823;2038;2599;2599;3209;3990;4608;4849;5433;10033;10033;17443;17443;24118;28045;36870;38937;45347;47026;80972;82812;135831;306940;429751",25,"0;0;0;0;0;0;0;0;0;0;0;1;1;2;2;2;2;2;2;4;4;4;7;8;9;12;13",27,"1;1;1;1;2;2;2;2;3;3;4;5;5;7;7;10;12;12;12;12;16;21;23;27;46;52;74;190",28,"0",82812
"100001","483;823;2038;2599;2599;3209;3990;4608;4849;5433;10033;10033;17443;17443;24118;28045;36870;38937;45347;47026;80972;82812;135831;306940;429751",25,"0;0;0;0;0;0;0;0;0;0;0;1;1;2;2;2;2;2;2;4;4;4;7;8;9;12;13",27,"1;1;1;1;2;2;2;2;3;3;4;5;5;7;7;10;12;12;12;12;16;21;23;27;46;52;74;190",28,"0",483
"100001","483;823;2038;2599;2599;3209;3990;4608;4849;5433;10033;10033;17443;17443;24118;28045;36870;38937;45347;47026;80972;82812;135831;306940;429751",25,"0;0;0;0;0;0;0;0;0;0;0;1;1;2;2;2;2;2;2;4;4;4;7;8;9;12;13",27,"1;1;1;1;2;2;2;2;3;3;4;5;5;7;7;10;12;12;12;12;16;21;23;27;46;52;74;190",28,"0",823
"100001","483;823;2038;2599;2599;3209;3990;4608;4849;5433;10033;10033;17443;17443;24118;28045;36870;38937;45347;47026;80972;82812;135831;306940;429751",25,"0;0;0;0;0;0;0;0;0;0;0;1;1;2;2;2;2;2;2;4;4;4;7;8;9;12;13",27,"1;1;1;1;2;2;2;2;3;3;4;5;5;7;7;10;12;12;12;12;16;21;23;27;46;52;74;190",28,"0",2038
"100001","483;823;2038;2599;2599;3209;3990;4608;4849;5433;10033;10033;17443;17443;24118;28045;36870;38937;45347;47026;80972;82812;135831;306940;429751",25,"0;0;0;0;0;0;0;0;0;0;0;1;1;2;2;2;2;2;2;4;4;4;7;8;9;12;13",27,"1;1;1;1;2;2;2;2;3;3;4;5;5;7;7;10;12;12;12;12;16;21;23;27;46;52;74;190",28,"0",2599
"100001","483;823;2038;2599;2599;3209;3990;4608;4849;5433;10033;10033;17443;17443;24118;28045;36870;38937;45347;47026;80972;82812;135831;306940;429751",25,"0;0;0;0;0;0;0;0;0;0;0;1;1;2;2;2;2;2;2;4;4;4;7;8;9;12;13",27,"1;1;1;1;2;2;2;2;3;3;4;5;5;7;7;10;12;12;12;12;16;21;23;27;46;52;74;190",28,"0",2599
"100001","483;823;2038;2599;2599;3209;3990;4608;4849;5433;10033;10033;17443;17443;24118;28045;36870;38937;45347;47026;80972;82812;135831;306940;429751",25,"0;0;0;0;0;0;0;0;0;0;0;1;1;2;2;2;2;2;2;4;4;4;7;8;9;12;13",27,"1;1;1;1;2;2;2;2;3;3;4;5;5;7;7;10;12;12;12;12;16;21;23;27;46;52;74;190",28,"0",3209
"100001","483;823;2038;2599;2599;3209;3990;4608;4849;5433;10033;10033;17443;17443;24118;28045;36870;38937;45347;47026;80972;82812;135831;306940;429751",25,"0;0;0;0;0;0;0;0;0;0;0;1;1;2;2;2;2;2;2;4;4;4;7;8;9;12;13",27,"1;1;1;1;2;2;2;2;3;3;4;5;5;7;7;10;12;12;12;12;16;21;23;27;46;52;74;190",28,"0",3990
"100001","483;823;2038;2599;2599;3209;3990;4608;4849;5433;10033;10033;17443;17443;24118;28045;36870;38937;45347;47026;80972;82812;135831;306940;429751",25,"0;0;0;0;0;0;0;0;0;0;0;1;1;2;2;2;2;2;2;4;4;4;7;8;9;12;13",27,"1;1;1;1;2;2;2;2;3;3;4;5;5;7;7;10;12;12;12;12;16;21;23;27;46;52;74;190",28,"0",4608
"100001","483;823;2038;2599;2599;3209;3990;4608;4849;5433;10033;10033;17443;17443;24118;28045;36870;38937;45347;47026;80972;82812;135831;306940;429751",25,"0;0;0;0;0;0;0;0;0;0;0;1;1;2;2;2;2;2;2;4;4;4;7;8;9;12;13",27,"1;1;1;1;2;2;2;2;3;3;4;5;5;7;7;10;12;12;12;12;16;21;23;27;46;52;74;190",28,"0",4849
"100001","483;823;2038;2599;2599;3209;3990;4608;4849;5433;10033;10033;17443;17443;24118;28045;36870;38937;45347;47026;80972;82812;135831;306940;429751",25,"0;0;0;0;0;0;0;0;0;0;0;1;1;2;2;2;2;2;2;4;4;4;7;8;9;12;13",27,"1;1;1;1;2;2;2;2;3;3;4;5;5;7;7;10;12;12;12;12;16;21;23;27;46;52;74;190",28,"0",5433
"100001","483;823;2038;2599;2599;3209;3990;4608;4849;5433;10033;10033;17443;17443;24118;28045;36870;38937;45347;47026;80972;82812;135831;306940;429751",25,"0;0;0;0;0;0;0;0;0;0;0;1;1;2;2;2;2;2;2;4;4;4;7;8;9;12;13",27,"1;1;1;1;2;2;2;2;3;3;4;5;5;7;7;10;12;12;12;12;16;21;23;27;46;52;74;190",28,"0",10033
"100001","483;823;2038;2599;2599;3209;3990;4608;4849;5433;10033;10033;17443;17443;24118;28045;36870;38937;45347;47026;80972;82812;135831;306940;429751",25,"0;0;0;0;0;0;0;0;0;0;0;1;1;2;2;2;2;2;2;4;4;4;7;8;9;12;13",27,"1;1;1;1;2;2;2;2;3;3;4;5;5;7;7;10;12;12;12;12;16;21;23;27;46;52;74;190",28,"0",10033
"100001","483;823;2038;2599;2599;3209;3990;4608;4849;5433;10033;10033;17443;17443;24118;28045;36870;38937;45347;47026;80972;82812;135831;306940;429751",25,"0;0;0;0;0;0;0;0;0;0;0;1;1;2;2;2;2;2;2;4;4;4;7;8;9;12;13",27,"1;1;1;1;2;2;2;2;3;3;4;5;5;7;7;10;12;12;12;12;16;21;23;27;46;52;74;190",28,"0",17443
"100001","483;823;2038;2599;2599;3209;3990;4608;4849;5433;10033;10033;17443;17443;24118;28045;36870;38937;45347;47026;80972;82812;135831;306940;429751",25,"0;0;0;0;0;0;0;0;0;0;0;1;1;2;2;2;2;2;2;4;4;4;7;8;9;12;13",27,"1;1;1;1;2;2;2;2;3;3;4;5;5;7;7;10;12;12;12;12;16;21;23;27;46;52;74;190",28,"0",17443
"100001","483;823;2038;2599;2599;3209;3990;4608;4849;5433;10033;10033;17443;17443;24118;28045;36870;38937;45347;47026;80972;82812;135831;306940;429751",25,"0;0;0;0;0;0;0;0;0;0;0;1;1;2;2;2;2;2;2;4;4;4;7;8;9;12;13",27,"1;1;1;1;2;2;2;2;3;3;4;5;5;7;7;10;12;12;12;12;16;21;23;27;46;52;74;190",28,"0",24118
"100001","483;823;2038;2599;2599;3209;3990;4608;4849;5433;10033;10033;17443;17443;24118;28045;36870;38937;45347;47026;80972;82812;135831;306940;429751",25,"0;0;0;0;0;0;0;0;0;0;0;1;1;2;2;2;2;2;2;4;4;4;7;8;9;12;13",27,"1;1;1;1;2;2;2;2;3;3;4;5;5;7;7;10;12;12;12;12;16;21;23;27;46;52;74;190",28,"0",28045
"100001","483;823;2038;2599;2599;3209;3990;4608;4849;5433;10033;10033;17443;17443;24118;28045;36870;38937;45347;47026;80972;82812;135831;306940;429751",25,"0;0;0;0;0;0;0;0;0;0;0;1;1;2;2;2;2;2;2;4;4;4;7;8;9;12;13",27,"1;1;1;1;2;2;2;2;3;3;4;5;5;7;7;10;12;12;12;12;16;21;23;27;46;52;74;190",28,"0",36870
"100001","483;823;2038;2599;2599;3209;3990;4608;4849;5433;10033;10033;17443;17443;24118;28045;36870;38937;45347;47026;80972;82812;135831;306940;429751",25,"0;0;0;0;0;0;0;0;0;0;0;1;1;2;2;2;2;2;2;4;4;4;7;8;9;12;13",27,"1;1;1;1;2;2;2;2;3;3;4;5;5;7;7;10;12;12;12;12;16;21;23;27;46;52;74;190",28,"0",38937
"100001","483;823;2038;2599;2599;3209;3990;4608;4849;5433;10033;10033;17443;17443;24118;28045;36870;38937;45347;47026;80972;82812;135831;306940;429751",25,"0;0;0;0;0;0;0;0;0;0;0;1;1;2;2;2;2;2;2;4;4;4;7;8;9;12;13",27,"1;1;1;1;2;2;2;2;3;3;4;5;5;7;7;10;12;12;12;12;16;21;23;27;46;52;74;190",28,"0",45347
"100001","483;823;2038;2599;2599;3209;3990;4608;4849;5433;10033;10033;17443;17443;24118;28045;36870;38937;45347;47026;80972;82812;135831;306940;429751",25,"0;0;0;0;0;0;0;0;0;0;0;1;1;2;2;2;2;2;2;4;4;4;7;8;9;12;13",27,"1;1;1;1;2;2;2;2;3;3;4;5;5;7;7;10;12;12;12;12;16;21;23;27;46;52;74;190",28,"0",47026
"100001","483;823;2038;2599;2599;3209;3990;4608;4849;5433;10033;10033;17443;17443;24118;28045;36870;38937;45347;47026;80972;82812;135831;306940;429751",25,"0;0;0;0;0;0;0;0;0;0;0;1;1;2;2;2;2;2;2;4;4;4;7;8;9;12;13",27,"1;1;1;1;2;2;2;2;3;3;4;5;5;7;7;10;12;12;12;12;16;21;23;27;46;52;74;190",28,"0",80972
"100001","483;823;2038;2599;2599;3209;3990;4608;4849;5433;10033;10033;17443;17443;24118;28045;36870;38937;45347;47026;80972;82812;135831;306940;429751",25,"0;0;0;0;0;0;0;0;0;0;0;1;1;2;2;2;2;2;2;4;4;4;7;8;9;12;13",27,"1;1;1;1;2;2;2;2;3;3;4;5;5;7;7;10;12;12;12;12;16;21;23;27;46;52;74;190",28,"0",135831
"100001","483;823;2038;2599;2599;3209;3990;4608;4849;5433;10033;10033;17443;17443;24118;28045;36870;38937;45347;47026;80972;82812;135831;306940;429751",25,"0;0;0;0;0;0;0;0;0;0;0;1;1;2;2;2;2;2;2;4;4;4;7;8;9;12;13",27,"1;1;1;1;2;2;2;2;3;3;4;5;5;7;7;10;12;12;12;12;16;21;23;27;46;52;74;190",28,"0",306940
"100001","483;823;2038;2599;2599;3209;3990;4608;4849;5433;10033;10033;17443;17443;24118;28045;36870;38937;45347;47026;80972;82812;135831;306940;429751",25,"0;0;0;0;0;0;0;0;0;0;0;1;1;2;2;2;2;2;2;4;4;4;7;8;9;12;13",27,"1;1;1;1;2;2;2;2;3;3;4;5;5;7;7;10;12;12;12;12;16;21;23;27;46;52;74;190",28,"0",429751
"10000117","165;190;285;290;372;393;398;503;536;568;653;666;730;1027;1166;1296;2293;2406;3155;3507;3539;3650;5315;5315;5745;11890;11890;37413",28,"0;0;0;0;1;1;1;2;3;3;3;4;5;5;5;5;7;9;9;10;10;10;10;15;15;15;15;16;20",29,"0;0;1;1;1;7;8;8;8;8;10;10;11;12;14;14;20;26;29;31;34;43;43;50;50;58;59;59;60;69;71;81;126",33,"1",190
"10000117","165;190;285;290;372;393;398;503;536;568;653;666;730;1027;1166;1296;2293;2406;3155;3507;3539;3650;5315;5315;5745;11890;11890;37413",28,"0;0;0;0;1;1;1;2;3;3;3;4;5;5;5;5;7;9;9;10;10;10;10;15;15;15;15;16;20",29,"0;0;1;1;1;7;8;8;8;8;10;10;11;12;14;14;20;26;29;31;34;43;43;50;50;58;59;59;60;69;71;81;126",33,"1",285
"10000117","165;190;285;290;372;393;398;503;536;568;653;666;730;1027;1166;1296;2293;2406;3155;3507;3539;3650;5315;5315;5745;11890;11890;37413",28,"0;0;0;0;1;1;1;2;3;3;3;4;5;5;5;5;7;9;9;10;10;10;10;15;15;15;15;16;20",29,"0;0;1;1;1;7;8;8;8;8;10;10;11;12;14;14;20;26;29;31;34;43;43;50;50;58;59;59;60;69;71;81;126",33,"1",290
"10000117","165;190;285;290;372;393;398;503;536;568;653;666;730;1027;1166;1296;2293;2406;3155;3507;3539;3650;5315;5315;5745;11890;11890;37413",28,"0;0;0;0;1;1;1;2;3;3;3;4;5;5;5;5;7;9;9;10;10;10;10;15;15;15;15;16;20",29,"0;0;1;1;1;7;8;8;8;8;10;10;11;12;14;14;20;26;29;31;34;43;43;50;50;58;59;59;60;69;71;81;126",33,"1",372
"10000117","165;190;285;290;372;393;398;503;536;568;653;666;730;1027;1166;1296;2293;2406;3155;3507;3539;3650;5315;5315;5745;11890;11890;37413",28,"0;0;0;0;1;1;1;2;3;3;3;4;5;5;5;5;7;9;9;10;10;10;10;15;15;15;15;16;20",29,"0;0;1;1;1;7;8;8;8;8;10;10;11;12;14;14;20;26;29;31;34;43;43;50;50;58;59;59;60;69;71;81;126",33,"1",393
"10000117","165;190;285;290;372;393;398;503;536;568;653;666;730;1027;1166;1296;2293;2406;3155;3507;3539;3650;5315;5315;5745;11890;11890;37413",28,"0;0;0;0;1;1;1;2;3;3;3;4;5;5;5;5;7;9;9;10;10;10;10;15;15;15;15;16;20",29,"0;0;1;1;1;7;8;8;8;8;10;10;11;12;14;14;20;26;29;31;34;43;43;50;50;58;59;59;60;69;71;81;126",33,"1",398
"10000117","165;190;285;290;372;393;398;503;536;568;653;666;730;1027;1166;1296;2293;2406;3155;3507;3539;3650;5315;5315;5745;11890;11890;37413",28,"0;0;0;0;1;1;1;2;3;3;3;4;5;5;5;5;7;9;9;10;10;10;10;15;15;15;15;16;20",29,"0;0;1;1;1;7;8;8;8;8;10;10;11;12;14;14;20;26;29;31;34;43;43;50;50;58;59;59;60;69;71;81;126",33,"1",165
"10000117","165;190;285;290;372;393;398;503;536;568;653;666;730;1027;1166;1296;2293;2406;3155;3507;3539;3650;5315;5315;5745;11890;11890;37413",28,"0;0;0;0;1;1;1;2;3;3;3;4;5;5;5;5;7;9;9;10;10;10;10;15;15;15;15;16;20",29,"0;0;1;1;1;7;8;8;8;8;10;10;11;12;14;14;20;26;29;31;34;43;43;50;50;58;59;59;60;69;71;81;126",33,"1",503
"10000117","165;190;285;290;372;393;398;503;536;568;653;666;730;1027;1166;1296;2293;2406;3155;3507;3539;3650;5315;5315;5745;11890;11890;37413",28,"0;0;0;0;1;1;1;2;3;3;3;4;5;5;5;5;7;9;9;10;10;10;10;15;15;15;15;16;20",29,"0;0;1;1;1;7;8;8;8;8;10;10;11;12;14;14;20;26;29;31;34;43;43;50;50;58;59;59;60;69;71;81;126",33,"1",536
"10000117","165;190;285;290;372;393;398;503;536;568;653;666;730;1027;1166;1296;2293;2406;3155;3507;3539;3650;5315;5315;5745;11890;11890;37413",28,"0;0;0;0;1;1;1;2;3;3;3;4;5;5;5;5;7;9;9;10;10;10;10;15;15;15;15;16;20",29,"0;0;1;1;1;7;8;8;8;8;10;10;11;12;14;14;20;26;29;31;34;43;43;50;50;58;59;59;60;69;71;81;126",33,"1",568
"10000117","165;190;285;290;372;393;398;503;536;568;653;666;730;1027;1166;1296;2293;2406;3155;3507;3539;3650;5315;5315;5745;11890;11890;37413",28,"0;0;0;0;1;1;1;2;3;3;3;4;5;5;5;5;7;9;9;10;10;10;10;15;15;15;15;16;20",29,"0;0;1;1;1;7;8;8;8;8;10;10;11;12;14;14;20;26;29;31;34;43;43;50;50;58;59;59;60;69;71;81;126",33,"1",653
"10000117","165;190;285;290;372;393;398;503;536;568;653;666;730;1027;1166;1296;2293;2406;3155;3507;3539;3650;5315;5315;5745;11890;11890;37413",28,"0;0;0;0;1;1;1;2;3;3;3;4;5;5;5;5;7;9;9;10;10;10;10;15;15;15;15;16;20",29,"0;0;1;1;1;7;8;8;8;8;10;10;11;12;14;14;20;26;29;31;34;43;43;50;50;58;59;59;60;69;71;81;126",33,"1",666
"10000117","165;190;285;290;372;393;398;503;536;568;653;666;730;1027;1166;1296;2293;2406;3155;3507;3539;3650;5315;5315;5745;11890;11890;37413",28,"0;0;0;0;1;1;1;2;3;3;3;4;5;5;5;5;7;9;9;10;10;10;10;15;15;15;15;16;20",29,"0;0;1;1;1;7;8;8;8;8;10;10;11;12;14;14;20;26;29;31;34;43;43;50;50;58;59;59;60;69;71;81;126",33,"1",730
"10000117","165;190;285;290;372;393;398;503;536;568;653;666;730;1027;1166;1296;2293;2406;3155;3507;3539;3650;5315;5315;5745;11890;11890;37413",28,"0;0;0;0;1;1;1;2;3;3;3;4;5;5;5;5;7;9;9;10;10;10;10;15;15;15;15;16;20",29,"0;0;1;1;1;7;8;8;8;8;10;10;11;12;14;14;20;26;29;31;34;43;43;50;50;58;59;59;60;69;71;81;126",33,"1",1027
"10000117","165;190;285;290;372;393;398;503;536;568;653;666;730;1027;1166;1296;2293;2406;3155;3507;3539;3650;5315;5315;5745;11890;11890;37413",28,"0;0;0;0;1;1;1;2;3;3;3;4;5;5;5;5;7;9;9;10;10;10;10;15;15;15;15;16;20",29,"0;0;1;1;1;7;8;8;8;8;10;10;11;12;14;14;20;26;29;31;34;43;43;50;50;58;59;59;60;69;71;81;126",33,"1",1166
"10000117","165;190;285;290;372;393;398;503;536;568;653;666;730;1027;1166;1296;2293;2406;3155;3507;3539;3650;5315;5315;5745;11890;11890;37413",28,"0;0;0;0;1;1;1;2;3;3;3;4;5;5;5;5;7;9;9;10;10;10;10;15;15;15;15;16;20",29,"0;0;1;1;1;7;8;8;8;8;10;10;11;12;14;14;20;26;29;31;34;43;43;50;50;58;59;59;60;69;71;81;126",33,"1",1296
"10000117","165;190;285;290;372;393;398;503;536;568;653;666;730;1027;1166;1296;2293;2406;3155;3507;3539;3650;5315;5315;5745;11890;11890;37413",28,"0;0;0;0;1;1;1;2;3;3;3;4;5;5;5;5;7;9;9;10;10;10;10;15;15;15;15;16;20",29,"0;0;1;1;1;7;8;8;8;8;10;10;11;12;14;14;20;26;29;31;34;43;43;50;50;58;59;59;60;69;71;81;126",33,"1",2293
"10000117","165;190;285;290;372;393;398;503;536;568;653;666;730;1027;1166;1296;2293;2406;3155;3507;3539;3650;5315;5315;5745;11890;11890;37413",28,"0;0;0;0;1;1;1;2;3;3;3;4;5;5;5;5;7;9;9;10;10;10;10;15;15;15;15;16;20",29,"0;0;1;1;1;7;8;8;8;8;10;10;11;12;14;14;20;26;29;31;34;43;43;50;50;58;59;59;60;69;71;81;126",33,"1",2406
"10000117","165;190;285;290;372;393;398;503;536;568;653;666;730;1027;1166;1296;2293;2406;3155;3507;3539;3650;5315;5315;5745;11890;11890;37413",28,"0;0;0;0;1;1;1;2;3;3;3;4;5;5;5;5;7;9;9;10;10;10;10;15;15;15;15;16;20",29,"0;0;1;1;1;7;8;8;8;8;10;10;11;12;14;14;20;26;29;31;34;43;43;50;50;58;59;59;60;69;71;81;126",33,"1",3155
"10000117","165;190;285;290;372;393;398;503;536;568;653;666;730;1027;1166;1296;2293;2406;3155;3507;3539;3650;5315;5315;5745;11890;11890;37413",28,"0;0;0;0;1;1;1;2;3;3;3;4;5;5;5;5;7;9;9;10;10;10;10;15;15;15;15;16;20",29,"0;0;1;1;1;7;8;8;8;8;10;10;11;12;14;14;20;26;29;31;34;43;43;50;50;58;59;59;60;69;71;81;126",33,"1",3507
"10000117","165;190;285;290;372;393;398;503;536;568;653;666;730;1027;1166;1296;2293;2406;3155;3507;3539;3650;5315;5315;5745;11890;11890;37413",28,"0;0;0;0;1;1;1;2;3;3;3;4;5;5;5;5;7;9;9;10;10;10;10;15;15;15;15;16;20",29,"0;0;1;1;1;7;8;8;8;8;10;10;11;12;14;14;20;26;29;31;34;43;43;50;50;58;59;59;60;69;71;81;126",33,"1",3539
"10000117","165;190;285;290;372;393;398;503;536;568;653;666;730;1027;1166;1296;2293;2406;3155;3507;3539;3650;5315;5315;5745;11890;11890;37413",28,"0;0;0;0;1;1;1;2;3;3;3;4;5;5;5;5;7;9;9;10;10;10;10;15;15;15;15;16;20",29,"0;0;1;1;1;7;8;8;8;8;10;10;11;12;14;14;20;26;29;31;34;43;43;50;50;58;59;59;60;69;71;81;126",33,"1",3650
"10000117","165;190;285;290;372;393;398;503;536;568;653;666;730;1027;1166;1296;2293;2406;3155;3507;3539;3650;5315;5315;5745;11890;11890;37413",28,"0;0;0;0;1;1;1;2;3;3;3;4;5;5;5;5;7;9;9;10;10;10;10;15;15;15;15;16;20",29,"0;0;1;1;1;7;8;8;8;8;10;10;11;12;14;14;20;26;29;31;34;43;43;50;50;58;59;59;60;69;71;81;126",33,"1",5315
"10000117","165;190;285;290;372;393;398;503;536;568;653;666;730;1027;1166;1296;2293;2406;3155;3507;3539;3650;5315;5315;5745;11890;11890;37413",28,"0;0;0;0;1;1;1;2;3;3;3;4;5;5;5;5;7;9;9;10;10;10;10;15;15;15;15;16;20",29,"0;0;1;1;1;7;8;8;8;8;10;10;11;12;14;14;20;26;29;31;34;43;43;50;50;58;59;59;60;69;71;81;126",33,"1",5315
"10000117","165;190;285;290;372;393;398;503;536;568;653;666;730;1027;1166;1296;2293;2406;3155;3507;3539;3650;5315;5315;5745;11890;11890;37413",28,"0;0;0;0;1;1;1;2;3;3;3;4;5;5;5;5;7;9;9;10;10;10;10;15;15;15;15;16;20",29,"0;0;1;1;1;7;8;8;8;8;10;10;11;12;14;14;20;26;29;31;34;43;43;50;50;58;59;59;60;69;71;81;126",33,"1",5745
"10000117","165;190;285;290;372;393;398;503;536;568;653;666;730;1027;1166;1296;2293;2406;3155;3507;3539;3650;5315;5315;5745;11890;11890;37413",28,"0;0;0;0;1;1;1;2;3;3;3;4;5;5;5;5;7;9;9;10;10;10;10;15;15;15;15;16;20",29,"0;0;1;1;1;7;8;8;8;8;10;10;11;12;14;14;20;26;29;31;34;43;43;50;50;58;59;59;60;69;71;81;126",33,"1",11890
"10000117","165;190;285;290;372;393;398;503;536;568;653;666;730;1027;1166;1296;2293;2406;3155;3507;3539;3650;5315;5315;5745;11890;11890;37413",28,"0;0;0;0;1;1;1;2;3;3;3;4;5;5;5;5;7;9;9;10;10;10;10;15;15;15;15;16;20",29,"0;0;1;1;1;7;8;8;8;8;10;10;11;12;14;14;20;26;29;31;34;43;43;50;50;58;59;59;60;69;71;81;126",33,"1",11890
"10000117","165;190;285;290;372;393;398;503;536;568;653;666;730;1027;1166;1296;2293;2406;3155;3507;3539;3650;5315;5315;5745;11890;11890;37413",28,"0;0;0;0;1;1;1;2;3;3;3;4;5;5;5;5;7;9;9;10;10;10;10;15;15;15;15;16;20",29,"0;0;1;1;1;7;8;8;8;8;10;10;11;12;14;14;20;26;29;31;34;43;43;50;50;58;59;59;60;69;71;81;126",33,"1",37413
"10000131","74;205;6088;6088;6088;6088",6,"2;2;2;2;3;4;4;4;4;8",10,"2;2;2;2;3;3;3;3;4;7;7;7;7;41;41;41;41;42",18,"1",74
"10000131","74;205;6088;6088;6088;6088",6,"2;2;2;2;3;4;4;4;4;8",10,"2;2;2;2;3;3;3;3;4;7;7;7;7;41;41;41;41;42",18,"1",205
"10000131","74;205;6088;6088;6088;6088",6,"2;2;2;2;3;4;4;4;4;8",10,"2;2;2;2;3;3;3;3;4;7;7;7;7;41;41;41;41;42",18,"1",6088
"10000131","74;205;6088;6088;6088;6088",6,"2;2;2;2;3;4;4;4;4;8",10,"2;2;2;2;3;3;3;3;4;7;7;7;7;41;41;41;41;42",18,"1",6088
"10000131","74;205;6088;6088;6088;6088",6,"2;2;2;2;3;4;4;4;4;8",10,"2;2;2;2;3;3;3;3;4;7;7;7;7;41;41;41;41;42",18,"1",6088
"10000131","74;205;6088;6088;6088;6088",6,"2;2;2;2;3;4;4;4;4;8",10,"2;2;2;2;3;3;3;3;4;7;7;7;7;41;41;41;41;42",18,"1",6088
"100002978","7;17;52;70;107;644;1196;1221;38342;120731;137494",11,"0;2;2;4;4;6;7;7;7;8;8;9",12,"1;2;7;9;10;11;11;16;16;16;41;46;46;48",14,"0",1196
"100002978","7;17;52;70;107;644;1196;1221;38342;120731;137494",11,"0;2;2;4;4;6;7;7;7;8;8;9",12,"1;2;7;9;10;11;11;16;16;16;41;46;46;48",14,"0",7
"100002978","7;17;52;70;107;644;1196;1221;38342;120731;137494",11,"0;2;2;4;4;6;7;7;7;8;8;9",12,"1;2;7;9;10;11;11;16;16;16;41;46;46;48",14,"0",17
"100002978","7;17;52;70;107;644;1196;1221;38342;120731;137494",11,"0;2;2;4;4;6;7;7;7;8;8;9",12,"1;2;7;9;10;11;11;16;16;16;41;46;46;48",14,"0",52
"100002978","7;17;52;70;107;644;1196;1221;38342;120731;137494",11,"0;2;2;4;4;6;7;7;7;8;8;9",12,"1;2;7;9;10;11;11;16;16;16;41;46;46;48",14,"0",70
"100002978","7;17;52;70;107;644;1196;1221;38342;120731;137494",11,"0;2;2;4;4;6;7;7;7;8;8;9",12,"1;2;7;9;10;11;11;16;16;16;41;46;46;48",14,"0",107
"100002978","7;17;52;70;107;644;1196;1221;38342;120731;137494",11,"0;2;2;4;4;6;7;7;7;8;8;9",12,"1;2;7;9;10;11;11;16;16;16;41;46;46;48",14,"0",644
"100002978","7;17;52;70;107;644;1196;1221;38342;120731;137494",11,"0;2;2;4;4;6;7;7;7;8;8;9",12,"1;2;7;9;10;11;11;16;16;16;41;46;46;48",14,"0",1221
"100002978","7;17;52;70;107;644;1196;1221;38342;120731;137494",11,"0;2;2;4;4;6;7;7;7;8;8;9",12,"1;2;7;9;10;11;11;16;16;16;41;46;46;48",14,"0",38342
"100002978","7;17;52;70;107;644;1196;1221;38342;120731;137494",11,"0;2;2;4;4;6;7;7;7;8;8;9",12,"1;2;7;9;10;11;11;16;16;16;41;46;46;48",14,"0",120731
"100002978","7;17;52;70;107;644;1196;1221;38342;120731;137494",11,"0;2;2;4;4;6;7;7;7;8;8;9",12,"1;2;7;9;10;11;11;16;16;16;41;46;46;48",14,"0",137494
"10000326","4;61;17808",3,"2;3;7",3,"2;6;11;45",4,"1",17808
"10000326","4;61;17808",3,"2;3;7",3,"2;6;11;45",4,"1",61
"10000326","4;61;17808",3,"2;3;7",3,"2;6;11;45",4,"1",4
"10000380","10;14;53;127;167;175;198;861;1164;1524;9805",11,"0;1;2;2;3;3;3;3;5;11;11;11;14",13,"1;3;6;6;18;19;20;35;35;40;40;47;49;51;56;61;61;64;98;135",20,"1",9805
"10000380","10;14;53;127;167;175;198;861;1164;1524;9805",11,"0;1;2;2;3;3;3;3;5;11;11;11;14",13,"1;3;6;6;18;19;20;35;35;40;40;47;49;51;56;61;61;64;98;135",20,"1",10
"10000380","10;14;53;127;167;175;198;861;1164;1524;9805",11,"0;1;2;2;3;3;3;3;5;11;11;11;14",13,"1;3;6;6;18;19;20;35;35;40;40;47;49;51;56;61;61;64;98;135",20,"1",14
"10000380","10;14;53;127;167;175;198;861;1164;1524;9805",11,"0;1;2;2;3;3;3;3;5;11;11;11;14",13,"1;3;6;6;18;19;20;35;35;40;40;47;49;51;56;61;61;64;98;135",20,"1",53
"10000380","10;14;53;127;167;175;198;861;1164;1524;9805",11,"0;1;2;2;3;3;3;3;5;11;11;11;14",13,"1;3;6;6;18;19;20;35;35;40;40;47;49;51;56;61;61;64;98;135",20,"1",127
"10000380","10;14;53;127;167;175;198;861;1164;1524;9805",11,"0;1;2;2;3;3;3;3;5;11;11;11;14",13,"1;3;6;6;18;19;20;35;35;40;40;47;49;51;56;61;61;64;98;135",20,"1",167
"10000380","10;14;53;127;167;175;198;861;1164;1524;9805",11,"0;1;2;2;3;3;3;3;5;11;11;11;14",13,"1;3;6;6;18;19;20;35;35;40;40;47;49;51;56;61;61;64;98;135",20,"1",175
"10000380","10;14;53;127;167;175;198;861;1164;1524;9805",11,"0;1;2;2;3;3;3;3;5;11;11;11;14",13,"1;3;6;6;18;19;20;35;35;40;40;47;49;51;56;61;61;64;98;135",20,"1",198
"10000380","10;14;53;127;167;175;198;861;1164;1524;9805",11,"0;1;2;2;3;3;3;3;5;11;11;11;14",13,"1;3;6;6;18;19;20;35;35;40;40;47;49;51;56;61;61;64;98;135",20,"1",861
"10000380","10;14;53;127;167;175;198;861;1164;1524;9805",11,"0;1;2;2;3;3;3;3;5;11;11;11;14",13,"1;3;6;6;18;19;20;35;35;40;40;47;49;51;56;61;61;64;98;135",20,"1",1164
"10000380","10;14;53;127;167;175;198;861;1164;1524;9805",11,"0;1;2;2;3;3;3;3;5;11;11;11;14",13,"1;3;6;6;18;19;20;35;35;40;40;47;49;51;56;61;61;64;98;135",20,"1",1524
"10000445","64;143;161;454",4,"5;5;7;7",4,"11;11;16;18;24",5,"0",454
"10000445","64;143;161;454",4,"5;5;7;7",4,"11;11;16;18;24",5,"0",64
"10000445","64;143;161;454",4,"5;5;7;7",4,"11;11;16;18;24",5,"0",143
"10000445","64;143;161;454",4,"5;5;7;7",4,"11;11;16;18;24",5,"0",161
"100004572","6230;10203;15645",3,"4;4;4",3,"7;17;22",3,"1",15645
"100004572","6230;10203;15645",3,"4;4;4",3,"7;17;22",3,"1",10203
"100004572","6230;10203;15645",3,"4;4;4",3,"7;17;22",3,"1",6230
"10000487","4;8;13;15;36;38;91;283",8,"2;3;7;9;10;11;18;18",8,"3;6;8;10;11;35;40;49;95;97;97;116",12,"1",38
"10000487","4;8;13;15;36;38;91;283",8,"2;3;7;9;10;11;18;18",8,"3;6;8;10;11;35;40;49;95;97;97;116",12,"1",4
"10000487","4;8;13;15;36;38;91;283",8,"2;3;7;9;10;11;18;18",8,"3;6;8;10;11;35;40;49;95;97;97;116",12,"1",8
"10000487","4;8;13;15;36;38;91;283",8,"2;3;7;9;10;11;18;18",8,"3;6;8;10;11;35;40;49;95;97;97;116",12,"1",13
"10000487","4;8;13;15;36;38;91;283",8,"2;3;7;9;10;11;18;18",8,"3;6;8;10;11;35;40;49;95;97;97;116",12,"1",15
"10000487","4;8;13;15;36;38;91;283",8,"2;3;7;9;10;11;18;18",8,"3;6;8;10;11;35;40;49;95;97;97;116",12,"1",36
"10000487","4;8;13;15;36;38;91;283",8,"2;3;7;9;10;11;18;18",8,"3;6;8;10;11;35;40;49;95;97;97;116",12,"1",91
"10000487","4;8;13;15;36;38;91;283",8,"2;3;7;9;10;11;18;18",8,"3;6;8;10;11;35;40;49;95;97;97;116",12,"1",283
"100005011","5947;80261",2,"5;15",2,"54;59",2,"1",5947
"100005011","5947;80261",2,"5;15",2,"54;59",2,"1",80261
"10000575","14;112",2,"0;3",2,"1;56;64",3,"1",14
"10000575","14;112",2,"0;3",2,"1;56;64",3,"1",112
"10000599","359261;359261",2,"5;5",2,"14;14",2,"0",359261
"10000599","359261;359261",2,"5;5",2,"14;14",2,"0",359261
"10000616","4241;5636;44019;81734;81734;81734;81734;113885;194997;194997;231384;231384",12,"0;4;4;4;4;4;6;6;9;9;9;9",12,"1;9;9;10;10;10;10;17;17;17;17;37;73",13,"1",44019
"10000616","4241;5636;44019;81734;81734;81734;81734;113885;194997;194997;231384;231384",12,"0;4;4;4;4;4;6;6;9;9;9;9",12,"1;9;9;10;10;10;10;17;17;17;17;37;73",13,"1",4241
"10000616","4241;5636;44019;81734;81734;81734;81734;113885;194997;194997;231384;231384",12,"0;4;4;4;4;4;6;6;9;9;9;9",12,"1;9;9;10;10;10;10;17;17;17;17;37;73",13,"1",5636
"10000616","4241;5636;44019;81734;81734;81734;81734;113885;194997;194997;231384;231384",12,"0;4;4;4;4;4;6;6;9;9;9;9",12,"1;9;9;10;10;10;10;17;17;17;17;37;73",13,"1",81734
"10000616","4241;5636;44019;81734;81734;81734;81734;113885;194997;194997;231384;231384",12,"0;4;4;4;4;4;6;6;9;9;9;9",12,"1;9;9;10;10;10;10;17;17;17;17;37;73",13,"1",81734
"10000616","4241;5636;44019;81734;81734;81734;81734;113885;194997;194997;231384;231384",12,"0;4;4;4;4;4;6;6;9;9;9;9",12,"1;9;9;10;10;10;10;17;17;17;17;37;73",13,"1",81734
"10000616","4241;5636;44019;81734;81734;81734;81734;113885;194997;194997;231384;231384",12,"0;4;4;4;4;4;6;6;9;9;9;9",12,"1;9;9;10;10;10;10;17;17;17;17;37;73",13,"1",81734
"10000616","4241;5636;44019;81734;81734;81734;81734;113885;194997;194997;231384;231384",12,"0;4;4;4;4;4;6;6;9;9;9;9",12,"1;9;9;10;10;10;10;17;17;17;17;37;73",13,"1",113885
"10000616","4241;5636;44019;81734;81734;81734;81734;113885;194997;194997;231384;231384",12,"0;4;4;4;4;4;6;6;9;9;9;9",12,"1;9;9;10;10;10;10;17;17;17;17;37;73",13,"1",194997
"10000616","4241;5636;44019;81734;81734;81734;81734;113885;194997;194997;231384;231384",12,"0;4;4;4;4;4;6;6;9;9;9;9",12,"1;9;9;10;10;10;10;17;17;17;17;37;73",13,"1",194997
"10000616","4241;5636;44019;81734;81734;81734;81734;113885;194997;194997;231384;231384",12,"0;4;4;4;4;4;6;6;9;9;9;9",12,"1;9;9;10;10;10;10;17;17;17;17;37;73",13,"1",231384
"10000616","4241;5636;44019;81734;81734;81734;81734;113885;194997;194997;231384;231384",12,"0;4;4;4;4;4;6;6;9;9;9;9",12,"1;9;9;10;10;10;10;17;17;17;17;37;73",13,"1",231384
"100006267","285",1,"1",1,"0",1,"0",285
"10000637","22;23;24;64;128;221;324;428;608;933;933;933;965;1068;1098;1212;1422",17,"1;2;5;5;5;5;6;6;6;6;7;8;8;8;8;8;8;8;8;10;19",21,"0;2;4;4;4;4;4;4;4;4;8;9;9;9;9;11;14;39;46;54;62;75;75;75;100",25,"0",23
"10000637","22;23;24;64;128;221;324;428;608;933;933;933;965;1068;1098;1212;1422",17,"1;2;5;5;5;5;6;6;6;6;7;8;8;8;8;8;8;8;8;10;19",21,"0;2;4;4;4;4;4;4;4;4;8;9;9;9;9;11;14;39;46;54;62;75;75;75;100",25,"0",24
"10000637","22;23;24;64;128;221;324;428;608;933;933;933;965;1068;1098;1212;1422",17,"1;2;5;5;5;5;6;6;6;6;7;8;8;8;8;8;8;8;8;10;19",21,"0;2;4;4;4;4;4;4;4;4;8;9;9;9;9;11;14;39;46;54;62;75;75;75;100",25,"0",64
"10000637","22;23;24;64;128;221;324;428;608;933;933;933;965;1068;1098;1212;1422",17,"1;2;5;5;5;5;6;6;6;6;7;8;8;8;8;8;8;8;8;10;19",21,"0;2;4;4;4;4;4;4;4;4;8;9;9;9;9;11;14;39;46;54;62;75;75;75;100",25,"0",128
"10000637","22;23;24;64;128;221;324;428;608;933;933;933;965;1068;1098;1212;1422",17,"1;2;5;5;5;5;6;6;6;6;7;8;8;8;8;8;8;8;8;10;19",21,"0;2;4;4;4;4;4;4;4;4;8;9;9;9;9;11;14;39;46;54;62;75;75;75;100",25,"0",22
"10000637","22;23;24;64;128;221;324;428;608;933;933;933;965;1068;1098;1212;1422",17,"1;2;5;5;5;5;6;6;6;6;7;8;8;8;8;8;8;8;8;10;19",21,"0;2;4;4;4;4;4;4;4;4;8;9;9;9;9;11;14;39;46;54;62;75;75;75;100",25,"0",221
"10000637","22;23;24;64;128;221;324;428;608;933;933;933;965;1068;1098;1212;1422",17,"1;2;5;5;5;5;6;6;6;6;7;8;8;8;8;8;8;8;8;10;19",21,"0;2;4;4;4;4;4;4;4;4;8;9;9;9;9;11;14;39;46;54;62;75;75;75;100",25,"0",324
"10000637","22;23;24;64;128;221;324;428;608;933;933;933;965;1068;1098;1212;1422",17,"1;2;5;5;5;5;6;6;6;6;7;8;8;8;8;8;8;8;8;10;19",21,"0;2;4;4;4;4;4;4;4;4;8;9;9;9;9;11;14;39;46;54;62;75;75;75;100",25,"0",428
"10000637","22;23;24;64;128;221;324;428;608;933;933;933;965;1068;1098;1212;1422",17,"1;2;5;5;5;5;6;6;6;6;7;8;8;8;8;8;8;8;8;10;19",21,"0;2;4;4;4;4;4;4;4;4;8;9;9;9;9;11;14;39;46;54;62;75;75;75;100",25,"0",608
"10000637","22;23;24;64;128;221;324;428;608;933;933;933;965;1068;1098;1212;1422",17,"1;2;5;5;5;5;6;6;6;6;7;8;8;8;8;8;8;8;8;10;19",21,"0;2;4;4;4;4;4;4;4;4;8;9;9;9;9;11;14;39;46;54;62;75;75;75;100",25,"0",933
"10000637","22;23;24;64;128;221;324;428;608;933;933;933;965;1068;1098;1212;1422",17,"1;2;5;5;5;5;6;6;6;6;7;8;8;8;8;8;8;8;8;10;19",21,"0;2;4;4;4;4;4;4;4;4;8;9;9;9;9;11;14;39;46;54;62;75;75;75;100",25,"0",933
"10000637","22;23;24;64;128;221;324;428;608;933;933;933;965;1068;1098;1212;1422",17,"1;2;5;5;5;5;6;6;6;6;7;8;8;8;8;8;8;8;8;10;19",21,"0;2;4;4;4;4;4;4;4;4;8;9;9;9;9;11;14;39;46;54;62;75;75;75;100",25,"0",933
"10000637","22;23;24;64;128;221;324;428;608;933;933;933;965;1068;1098;1212;1422",17,"1;2;5;5;5;5;6;6;6;6;7;8;8;8;8;8;8;8;8;10;19",21,"0;2;4;4;4;4;4;4;4;4;8;9;9;9;9;11;14;39;46;54;62;75;75;75;100",25,"0",965
"10000637","22;23;24;64;128;221;324;428;608;933;933;933;965;1068;1098;1212;1422",17,"1;2;5;5;5;5;6;6;6;6;7;8;8;8;8;8;8;8;8;10;19",21,"0;2;4;4;4;4;4;4;4;4;8;9;9;9;9;11;14;39;46;54;62;75;75;75;100",25,"0",1068
"10000637","22;23;24;64;128;221;324;428;608;933;933;933;965;1068;1098;1212;1422",17,"1;2;5;5;5;5;6;6;6;6;7;8;8;8;8;8;8;8;8;10;19",21,"0;2;4;4;4;4;4;4;4;4;8;9;9;9;9;11;14;39;46;54;62;75;75;75;100",25,"0",1098
"10000637","22;23;24;64;128;221;324;428;608;933;933;933;965;1068;1098;1212;1422",17,"1;2;5;5;5;5;6;6;6;6;7;8;8;8;8;8;8;8;8;10;19",21,"0;2;4;4;4;4;4;4;4;4;8;9;9;9;9;11;14;39;46;54;62;75;75;75;100",25,"0",1212
"10000637","22;23;24;64;128;221;324;428;608;933;933;933;965;1068;1098;1212;1422",17,"1;2;5;5;5;5;6;6;6;6;7;8;8;8;8;8;8;8;8;10;19",21,"0;2;4;4;4;4;4;4;4;4;8;9;9;9;9;11;14;39;46;54;62;75;75;75;100",25,"0",1422
"100006668","17317;17317;17317;17317;17317",5,"15;15;15;15;15",5,"59;59;59;59;59",5,"1",17317
"100006668","17317;17317;17317;17317;17317",5,"15;15;15;15;15",5,"59;59;59;59;59",5,"1",17317
