"click_label","user_id","item_id","class_id","tag_ids","dev_type","dev_brand","dev_brand_type","dev_os","dev_net","client_type","dev_carrier","click_seq_50size","gender","age","consume_level","unclick_seq_50size","feed_type"
0,"96367608","259780514","4","111;","1","huawei","2","huawei_10","4","0","1","227617646;260930784;251384063;96182883;1003;260924237;260997506;260401174;203860571;;;;;;;;;;;;;;;;;;;;;;;;;;;;;;;;;;;;;;;;;","0","4","1","260701861;210577535;206794135;217998599;260695748;240266248;260083892;239158144;252616969;227840297;256775887;206763911;203322978;256269523;245798709;243379684;252431182;238161298;231050277;259201211;220730973;259662850;257996889;252356744;241556396;250299425;254220566;223188760;252660750;240030477;239565956;249348155;246740287;132372304;239595728;214800720;246492161;206684536;228422300;257437539;236784030;256438994;252951557;249914364;206869403;190577547;226395942;215533819;203718509;235857482","1072"
0,"96367608","260701861","20","1383;","1","huawei","2","huawei_10","4","0","1","260930784;251384063;96182883;1003;260924237;260997506;260401174;203860571;;;;;;;;;;;;;;;;;;;;;;;;;;;;;;;;;;;;;;;;;;","0","4","1","210577535;206794135;217998599;260695748;240266248;260083892;239158144;252616969;227840297;256775887;206763911;203322978;256269523;245798709;243379684;252431182;238161298;231050277;259201211;220730973;259662850;257996889;252356744;241556396;250299425;254220566;223188760;252660750;240030477;239565956;249348155;246740287;132372304;239595728;214800720;246492161;206684536;228422300;257437539;236784030;256438994;252951557;249914364;206869403;190577547;226395942;215533819;203718509;235857482;236969594","1018"
0,"964612","238729078","11","230;","1","huawei","2","huawei_10","3","0","3","258530266;258541711;253137884;250777100;256600978;248458632;256106168;255180013;255073101;;;;;;;;;;;;;;;;;;;;;;;;;;;;;;;;;;;;;;;;;","1","4","0","222888542;250660309;239158144;205464305;247842172;235400895;250792920;247716788;184973031;203496056;246739421;242330545;168233547;251461262;213193427;92591334;255674597;254301804;251610471;192376571;253146206;255964769;252844561;252044773;245596561;252695423;252616969;232430942;117475727;195765986;250546133;238343657;107310896;214194467;229169003;201526784;244092771;243858406;246637384;168408723;215748499;193777353;106713831;175990852;237823187;251282762;250221185;222441745;249973981;249965682","1114"
0,"9648592","260830298","5","124;86","1","iphone","1","iphone_ios 14","4","1","1",";;;;;;;;;;;;;;;;;;;;;;;;;;;;;;;;;;;;;;;;;;;;;;;;;","0","2","0",";;;;;;;;;;;;;;;;;;;;;;;;;;;;;;;;;;;;;;;;;;;;;;;;;","1003"
0,"9648592","231487735","2","48;","1","iphone","1","iphone_ios 14","3","1","1",";;;;;;;;;;;;;;;;;;;;;;;;;;;;;;;;;;;;;;;;;;;;;;;;;","0","2","0",";;;;;;;;;;;;;;;;;;;;;;;;;;;;;;;;;;;;;;;;;;;;;;;;;","1003"
1,"96500238","247703411","1","8;","1","oppo","3","oppo_10","4","0","1","205122180;260964079;237454925;258884259;259780514;210526708;259198866;258931240;260478820;167216397;208246131;239805177;261078971;179181279;204572733;260284157;203955021;260853170;180805666;260824262;247498431;242238092;241498661;221643701;213483330;260441835;218164252;257376915;161010217;235353830;259307687;151087652;243073770;232121834;144980506;227306431;199168248;259351911;234458129;228914896;239319562;204368517;259397731;250560989;254418245;251622425;253564343;253295433;252558304;254937885","1","4","1","242610953;255940560;260190839;239984606;205888343;230016252;259742055;245551727;220194854;199357912;180931356;261059901;260288567;171361074;211235765;260219442;217375737;225025028;173119474;247711980;244211223;260741033;248721026;260284579;230477491;257458534;259766869;205138097;175370216;256634072;241982981;257695945;185150152;260193441;204201315;197784308;253986533;169616917;219473750;244129656;220000274;155312366;259431525;258910452;237372454;244787909;240437467;145731585;191152332;259750261","1044"
1,"96500238","258884259","3","1357;","1","oppo","3","oppo_10","4","0","1","259780514;210526708;259198866;258931240;260478820;167216397;208246131;239805177;261078971;179181279;204572733;260284157;203955021;260853170;180805666;260824262;247498431;242238092;241498661;221643701;213483330;260441835;218164252;257376915;161010217;235353830;259307687;151087652;243073770;232121834;144980506;227306431;199168248;259351911;234458129;228914896;239319562;204368517;259397731;250560989;254418245;251622425;253564343;253295433;252558304;254937885;254408242;253695638;254309405;254695304","1","4","1","242610953;255940560;260190839;239984606;205888343;230016252;259742055;245551727;220194854;199357912;180931356;261059901;260288567;171361074;211235765;260219442;217375737;225025028;173119474;247711980;244211223;260741033;248721026;260284579;230477491;257458534;259766869;205138097;175370216;256634072;241982981;257695945;185150152;260193441;204201315;197784308;253986533;169616917;219473750;244129656;220000274;155312366;259431525;258910452;237372454;244787909;240437467;145731585;191152332;259750261","1100"
1,"96500238","259497268","3","1357;","1","oppo","3","oppo_10","4","0","1","247703411;205122180;260964079;237454925;258884259;259780514;210526708;259198866;258931240;260478820;167216397;208246131;239805177;261078971;179181279;204572733;260284157;203955021;260853170;180805666;260824262;247498431;242238092;241498661;221643701;213483330;260441835;218164252;257376915;161010217;235353830;259307687;151087652;243073770;232121834;144980506;227306431;199168248;259351911;234458129;228914896;239319562;204368517;259397731;250560989;254418245;251622425;253564343;253295433;252558304","1","4","1","260618598;242610953;255940560;260190839;239984606;205888343;230016252;259742055;245551727;220194854;199357912;180931356;261059901;260288567;171361074;211235765;260219442;217375737;225025028;173119474;247711980;244211223;260741033;248721026;260284579;230477491;257458534;259766869;205138097;175370216;256634072;241982981;257695945;185150152;260193441;204201315;197784308;253986533;169616917;219473750;244129656;220000274;155312366;259431525;258910452;237372454;244787909;240437467;145731585;191152332","1100"
1,"96500238","210526708","3","1358;","1","oppo","3","oppo_10","4","0","1","259198866;258931240;260478820;167216397;208246131;239805177;261078971;179181279;204572733;260284157;203955021;260853170;180805666;260824262;247498431;242238092;241498661;221643701;213483330;260441835;218164252;257376915;161010217;235353830;259307687;151087652;243073770;232121834;144980506;227306431;199168248;259351911;234458129;228914896;239319562;204368517;259397731;250560989;254418245;251622425;253564343;253295433;252558304;254937885;254408242;253695638;254309405;254695304;254833947;249862034","1","4","1","242610953;255940560;260190839;239984606;205888343;230016252;259742055;245551727;220194854;199357912;180931356;261059901;260288567;171361074;211235765;260219442;217375737;225025028;173119474;247711980;244211223;260741033;248721026;260284579;230477491;257458534;259766869;205138097;175370216;256634072;241982981;257695945;185150152;260193441;204201315;197784308;253986533;169616917;219473750;244129656;220000274;155312366;259431525;258910452;237372454;244787909;240437467;145731585;191152332;259750261","1098"
1,"96500238","237454925","3","1357;","1","oppo","3","oppo_10","4","0","1","258884259;259780514;210526708;259198866;258931240;260478820;167216397;208246131;239805177;261078971;179181279;204572733;260284157;203955021;260853170;180805666;260824262;247498431;242238092;241498661;221643701;213483330;260441835;218164252;257376915;161010217;235353830;259307687;151087652;243073770;232121834;144980506;227306431;199168248;259351911;234458129;228914896;239319562;204368517;259397731;250560989;254418245;251622425;253564343;253295433;252558304;254937885;254408242;253695638;254309405","1","4","1","242610953;255940560;260190839;239984606;205888343;230016252;259742055;245551727;220194854;199357912;180931356;261059901;260288567;171361074;211235765;260219442;217375737;225025028;173119474;247711980;244211223;260741033;248721026;260284579;230477491;257458534;259766869;205138097;175370216;256634072;241982981;257695945;185150152;260193441;204201315;197784308;253986533;169616917;219473750;244129656;220000274;155312366;259431525;258910452;237372454;244787909;240437467;145731585;191152332;259750261","1105"
0,"96500238","205890741","4","111;","1","oppo","3","oppo_10","4","0","1","259497268;247703411;205122180;260964079;237454925;258884259;259780514;210526708;259198866;258931240;260478820;167216397;208246131;239805177;261078971;179181279;204572733;260284157;203955021;260853170;180805666;260824262;247498431;242238092;241498661;221643701;213483330;260441835;218164252;257376915;161010217;235353830;259307687;151087652;243073770;232121834;144980506;227306431;199168248;259351911;234458129;228914896;239319562;204368517;259397731;250560989;254418245;251622425;253564343;253295433","1","4","1","260618598;242610953;255940560;260190839;239984606;205888343;230016252;259742055;245551727;220194854;199357912;180931356;261059901;260288567;171361074;211235765;260219442;217375737;225025028;173119474;247711980;244211223;260741033;248721026;260284579;230477491;257458534;259766869;205138097;175370216;256634072;241982981;257695945;185150152;260193441;204201315;197784308;253986533;169616917;219473750;244129656;220000274;155312366;259431525;258910452;237372454;244787909;240437467;145731585;191152332","1105"
1,"96500238","213483330","2","44;","1","oppo","3","oppo_10","4","0","1","259497268;247703411;205122180;260964079;237454925;258884259;259780514;210526708;259198866;258931240;260478820;167216397;208246131;239805177;261078971;179181279;204572733;260284157;203955021;260853170;180805666;260824262;247498431;242238092;241498661;221643701;260441835;218164252;257376915;161010217;235353830;259307687;151087652;243073770;232121834;144980506;227306431;199168248;259351911;234458129;228914896;239319562;204368517;259397731;250560989;254418245;251622425;253564343;253295433;252558304","1","4","1","260618598;242610953;255940560;260190839;239984606;205888343;230016252;259742055;245551727;220194854;199357912;180931356;261059901;260288567;171361074;211235765;260219442;217375737;225025028;173119474;247711980;244211223;260741033;248721026;260284579;230477491;257458534;259766869;205138097;175370216;256634072;241982981;257695945;185150152;260193441;204201315;197784308;253986533;169616917;219473750;244129656;220000274;155312366;259431525;258910452;237372454;244787909;240437467;145731585;191152332","1100"
1,"96500238","205122180","4","111;","1","oppo","3","oppo_10","4","0","1","260964079;237454925;258884259;259780514;210526708;259198866;258931240;260478820;167216397;208246131;239805177;261078971;179181279;204572733;260284157;203955021;260853170;180805666;260824262;247498431;242238092;241498661;221643701;213483330;260441835;218164252;257376915;161010217;235353830;259307687;151087652;243073770;232121834;144980506;227306431;199168248;259351911;234458129;228914896;239319562;204368517;259397731;250560989;254418245;251622425;253564343;253295433;252558304;254937885;254408242","1","4","1","242610953;255940560;260190839;239984606;205888343;230016252;259742055;245551727;220194854;199357912;180931356;261059901;260288567;171361074;211235765;260219442;217375737;225025028;173119474;247711980;244211223;260741033;248721026;260284579;230477491;257458534;259766869;205138097;175370216;256634072;241982981;257695945;185150152;260193441;204201315;197784308;253986533;169616917;219473750;244129656;220000274;155312366;259431525;258910452;237372454;244787909;240437467;145731585;191152332;259750261","1080"
0,"96500238","260618598","9","194;193","1","oppo","3","oppo_10","4","0","1","247703411;205122180;260964079;237454925;258884259;259780514;210526708;259198866;258931240;260478820;167216397;208246131;239805177;261078971;179181279;204572733;260284157;203955021;260853170;180805666;260824262;247498431;242238092;241498661;221643701;213483330;260441835;218164252;257376915;161010217;235353830;259307687;151087652;243073770;232121834;144980506;227306431;199168248;259351911;234458129;228914896;239319562;204368517;259397731;250560989;254418245;251622425;253564343;253295433;252558304","1","4","1","242610953;255940560;260190839;239984606;205888343;230016252;259742055;245551727;220194854;199357912;180931356;261059901;260288567;171361074;211235765;260219442;217375737;225025028;173119474;247711980;244211223;260741033;248721026;260284579;230477491;257458534;259766869;205138097;175370216;256634072;241982981;257695945;185150152;260193441;204201315;197784308;253986533;169616917;219473750;244129656;220000274;155312366;259431525;258910452;237372454;244787909;240437467;145731585;191152332;259750261","1076"
0,"96500238","167216397","2","44;","1","oppo","3","oppo_10","4","0","1","260964079;237454925;258884259;259780514;210526708;259198866;258931240;260478820;208246131;239805177;261078971;179181279;204572733;260284157;203955021;260853170;180805666;260824262;247498431;242238092;241498661;221643701;213483330;260441835;218164252;257376915;161010217;235353830;259307687;151087652;243073770;232121834;144980506;227306431;199168248;259351911;234458129;228914896;239319562;204368517;259397731;250560989;254418245;251622425;253564343;253295433;252558304;254937885;254408242;253695638","1","4","1","242610953;255940560;260190839;239984606;205888343;230016252;259742055;245551727;220194854;199357912;180931356;261059901;260288567;171361074;211235765;260219442;217375737;225025028;173119474;247711980;244211223;260741033;248721026;260284579;230477491;257458534;259766869;205138097;175370216;256634072;241982981;257695945;185150152;260193441;204201315;197784308;253986533;169616917;219473750;244129656;220000274;155312366;259431525;258910452;237372454;244787909;240437467;145731585;191152332;259750261","1080"
1,"96500238","259780514","4","111;","1","oppo","3","oppo_10","4","0","1","210526708;259198866;258931240;260478820;167216397;208246131;239805177;261078971;179181279;204572733;260284157;203955021;260853170;180805666;260824262;247498431;242238092;241498661;221643701;213483330;260441835;218164252;257376915;161010217;235353830;259307687;151087652;243073770;232121834;144980506;227306431;199168248;259351911;234458129;228914896;239319562;204368517;259397731;250560989;254418245;251622425;253564343;253295433;252558304;254937885;254408242;253695638;254309405;254695304;254833947","1","4","1","242610953;255940560;260190839;239984606;205888343;230016252;259742055;245551727;220194854;199357912;180931356;261059901;260288567;171361074;211235765;260219442;217375737;225025028;173119474;247711980;244211223;260741033;248721026;260284579;230477491;257458534;259766869;205138097;175370216;256634072;241982981;257695945;185150152;260193441;204201315;197784308;253986533;169616917;219473750;244129656;220000274;155312366;259431525;258910452;237372454;244787909;240437467;145731585;191152332;259750261","1080"
0,"9669804","240266248","3","1359;","1","iphone","1","iphone_ios 13","4","1","1","260584028;259560769;248601996;253742449;;;;;;;;;;;;;;;;;;;;;;;;;;;;;;;;;;;;;;;;;;;;;;","1","4","1","259662850;194364317;260179900;180056122;209911380;151286231;180056246;180056203;132951280;180050721;180053173;224611205;213126563;180051259;235940936;250792920;204051665;147434556;196830348;219971380;125544045;173857916;133582731;252044773;239389997;234099627;209386787;257684142;236037550;242265177;178494245;239763264;196349767;202514299;186644408;240052364;255674597;174466200;174372670;251473616;246058347;166945729;180295213;249725779;239787466;244013297;229308173;137610375;205464305;238729078","1015"
0,"9672239","251610733","1","4;1351","1","vivo","4","vivo_10","4","0","1","260658823;260748238;260901223;259312468;259561825;259570515;260094548;257048803;257151182;257174814;257205848;257238071;257676363;257883797;257902070;258010565;258028500;258035828;258147331;258174824;258201180;200471745;247135905;246075130;255521827;177724576;182981105;187874083;188014216;253471821;253725015;253926028;254077162;254153568;254196783;254204254;254384629;254425938;254578135;254724439;254758506;254877683;254887717;255163955;255171124;252874765;253213075;253273650;253297511;253323001","0","3","0","227610380;149810151;252616969;197411372;176632593;196880541;198788268;175156806;125553773;251745173;209267633;250130242;250950427;222562293;240295114;222136309;236630664;240788412;239763264;183414906;234769407;234127746;177492181;133741482;221031524;232459733;188212209;;;;;;;;;;;;;;;;;;;;;;;","1100"
0,"9672935","246739421","4","111;","1","xiaomi","5","xiaomi_9","4","0","1","260452255;185027309;260547064;258770048;180843997;;;;;;;;;;;;;;;;;;;;;;;;;;;;;;;;;;;;;;;;;;;;;","1","2","1","185341044;250625246;246941217;193132286;255674597;233510807;170841558;199087334;236696177;232430942;229642336;246691502;215748499;223091892;124689456;247110198;207454862;167742267;230345215;253865274;251510851;246144358;147434556;231785018;201205784;254965797;182153274;242388709;245147251;133741482;246058347;252616969;209721810;245135161;146736379;251789485;199680442;250483854;157670104;228625655;220813280;251278309;236793589;236995026;214580888;202650036;192376571;250354563;239469407;251130944","1114"
0,"9677475","259780514","4","111;","1","huawei","2","huawei_10","4","0","1","253778254;260646685;254318006;172981398;251384063;193211157;235400895;195588506;260322229;246739421;225569440;255156272;216789211;28126775;5655173;17001085;82826709;204690800;201405947;77553680;1003;47118595;254172615;31148433;251271401;252616969;167809701;;;;;;;;;;;;;;;;;;;;;;;","1","4","0","260923916;203945490;255522649;238527325;232964540;248173113;234293982;246865529;238890554;159392301;202222899;247557020;229308173;214042459;234914804;245291416;232144332;255674597;253618621;254581202;247304587;206255857;195193765;250011177;176925353;125553773;157261489;252044773;247949944;253298706;249725779;193325092;194479104;244977601;242195655;196880541;193487525;252253801;170156390;239043623;244013297;198381330;197108360;224512104;159218617;101124721;252695423;239805424;232357359;238729078","1018"
1,"9677475","259780514","4","111;","1","huawei","2","huawei_10","4","0","1","208246131;253778254;260646685;254318006;172981398;251384063;193211157;235400895;195588506;260322229;246739421;225569440;255156272;216789211;28126775;5655173;17001085;82826709;204690800;201405947;77553680;1003;47118595;254172615;31148433;251271401;252616969;167809701;;;;;;;;;;;;;;;;;;;;;;","1","4","0","260923916;203945490;255522649;238527325;232964540;248173113;234293982;246865529;238890554;159392301;202222899;247557020;229308173;214042459;234914804;245291416;232144332;255674597;253618621;254581202;247304587;206255857;195193765;250011177;176925353;125553773;157261489;252044773;247949944;253298706;249725779;193325092;194479104;244977601;242195655;196880541;193487525;252253801;170156390;239043623;244013297;198381330;197108360;224512104;159218617;101124721;252695423;239805424;232357359;238729078","1072"
1,"9677475","208246131","4","111;","1","huawei","2","huawei_10","4","0","1","253778254;260646685;254318006;172981398;251384063;193211157;235400895;195588506;260322229;246739421;225569440;255156272;216789211;28126775;5655173;17001085;82826709;204690800;201405947;77553680;1003;47118595;254172615;31148433;251271401;252616969;167809701;;;;;;;;;;;;;;;;;;;;;;;","1","4","0","260923916;203945490;255522649;238527325;232964540;248173113;234293982;246865529;238890554;159392301;202222899;247557020;229308173;214042459;234914804;245291416;232144332;255674597;253618621;254581202;247304587;206255857;195193765;250011177;176925353;125553773;157261489;252044773;247949944;253298706;249725779;193325092;194479104;244977601;242195655;196880541;193487525;252253801;170156390;239043623;244013297;198381330;197108360;224512104;159218617;101124721;252695423;239805424;232357359;238729078","1114"
0,"9692165","259662850","7","173;","1","huawei","2","huawei_6","4","0","1","260504061;254721038;251729054;;;;;;;;;;;;;;;;;;;;;;;;;;;;;;;;;;;;;;;;;;;;;;;","1","4","0","251384063;228716240;230812621;234200240;208337535;248458632;217998599;255674597;260167868;259034747;239763264;239787466;246564568;133582731;238729078;234851640;250800688;237226502;252303973;193336715;234914804;239117322;232430942;251611676;250463482;250515204;251575756;246637384;251077412;249973981;232034046;227346078;238326412;243767584;214866732;233913669;220990113;204510663;168408723;232505826;251050600;246144358;248004639;214194467;175990852;245912290;241548132;200229918;204156377;161032439","1098"
0,"9709102","165585642","11","230;","1","vivo","4","vivo_10","4","0","2","259583470;256939941;100753360;253956054;;;;;;;;;;;;;;;;;;;;;;;;;;;;;;;;;;;;;;;;;;;;;;","1","4","1","167116633;147434556;246038245;180051259;230816847;259854699;259035509;231939674;234914804;246739421;245571251;251413510;258108143;200156532;255936792;188919902;215262338;115421380;247264552;242963404;167640756;221281332;209721810;166945729;252400104;235734815;222661073;249759958;231341776;236630664;252044773;245597521;250930680;249725779;251473616;255674597;239805424;237049241;253146206;182999117;192376571;246058347;244413964;233974987;238729078;252253801;203496056;244595240;252844561;247716788","1032"
1,"9710118","255940560","5","124;","1","iphone","1","iphone_ios 12","4","1","1","206393236;203467557;165786010;156570301;251376464;252248887;253036945;185667490;248993093;188464823;251185894;251003021;191200049;255077012;160798121;44753743;195883387;195698349;257782217;256940120;259288170;253048287;107994050;165953548;195676584;195772686;248761184;195688295;225603021;164618824;230770589;137394360;171344133;68319133;125117670;166409840;187175419;255885234;247148569;142689754;257938767;252892208;252301752;256626526;234168970;252539325;254920443;125014151;157811693;157386083","0","4","1","212356268;259986244;240697118;206893674;238729078;255181122;237338109;218957665;198811651;206794135;198488575;194504657;255936792;248075018;192873899;201600234;194314130;236793582;252044773;199501893;204051665;239787466;199562866;236840610;194238904;197855936;249725779;250007686;175758503;185027309;172839921;203012504;239158144;255674597;202722854;239763264;252616969;247244371;242388709;196869994;235320924;230718224;206035262;157562531;173886961;253895274;175310940;239450109;229308173;175545115","1103"
0,"9715524","252616969","9","201;","1","honor","2","honor_8","4","0","2","253613088;;;;;;;;;;;;;;;;;;;;;;;;;;;;;;;;;;;;;;;;;;;;;;;;;","1","3","2","254454648;180628105;149926063;151951959;205754402;;;;;;;;;;;;;;;;;;;;;;;;;;;;;;;;;;;;;;;;;;;;;","1098"
0,"971742","206373563","2","44;37","1","huawei","2","huawei_10","4","0","3","259662850;246817048;204465471;193656148;261156233;259602417;261204877;226848144;213140072;260354910;261005065;261064351;258769095;259044799;160769768;207463376;260879469;256634072;219983364;246983002;260493615;185508810;163991089;223592218;220751284;260475895;243901812;260733302;260606745;260632843;217998599;227757596;260179900;260538594;260490839;260452476;201348585;158645419;258952196;240266248;259360804;247399486;259963789;260232451;233049167;259032650;257278723;257972415;260169211;255951157","0","4","1","261028341;261157040;260075473;252844006;261178732;243778630;250743717;260230500;207956215;258511331;260777438;260561057;226193890;259988690;207688117;260179393;259780514;259008379;260783284;175370216;257996889;255940560;205371247;245965469;256269899;248173113;228716240;221858138;259688895;231169241;260516817;203617609;246796434;243578186;255555109;260041445;259990040;191323864;237438352;238869372;250087699;172839921;259542864;249861858;250820599;232964540;259434386;251384063;258174062;232065116","1072"
0,"971742","193656148","3","94;","1","huawei","2","huawei_10","4","0","3","246817048;204465471;261156233;259602417;261204877;226848144;213140072;260354910;261005065;261064351;259662850;258769095;259044799;160769768;207463376;260879469;256634072;219983364;246983002;260493615;185508810;163991089;223592218;220751284;260475895;243901812;260733302;260606745;260632843;217998599;227757596;260179900;260538594;260490839;260452476;201348585;158645419;258952196;240266248;259360804;247399486;259963789;260232451;233049167;259032650;257278723;257972415;260169211;255951157;259924445","0","4","1","261028341;261157040;260075473;252844006;261178732;243778630;250743717;260230500;207956215;258511331;260777438;260561057;226193890;259988690;207688117;260179393;259780514;259008379;260783284;175370216;257996889;255940560;205371247;245965469;256269899;248173113;228716240;221858138;259688895;231169241;260516817;203617609;246796434;243578186;255555109;260041445;259990040;191323864;237438352;238869372;250087699;172839921;259542864;249861858;250820599;232964540;259434386;251384063;258174062;232065116","1080"
1,"971742","193656148","3","94;","1","huawei","2","huawei_10","4","0","3","261156233;259602417;261204877;226848144;213140072;260354910;261005065;261064351;259662850;258769095;259044799;160769768;207463376;260879469;256634072;219983364;246983002;260493615;185508810;163991089;223592218;220751284;260475895;243901812;260733302;260606745;260632843;217998599;227757596;260179900;260538594;260490839;260452476;201348585;158645419;258952196;240266248;259360804;247399486;259963789;260232451;233049167;259032650;257278723;257972415;260169211;255951157;259924445;259545814;258052828","0","4","1","252844006;261178732;243778630;250743717;260230500;207956215;258511331;260777438;260561057;226193890;259988690;207688117;260179393;259780514;259008379;260783284;175370216;257996889;255940560;205371247;245965469;256269899;248173113;228716240;221858138;259688895;231169241;260516817;203617609;246796434;243578186;255555109;260041445;259990040;191323864;237438352;238869372;250087699;172839921;259542864;249861858;250820599;232964540;259434386;251384063;258174062;232065116;259486182;183016554;199926397","1080"
0,"971742","259602417","5","86;","1","huawei","2","huawei_10","4","0","3","204465471;193656148;261156233;261204877;226848144;213140072;260354910;261005065;261064351;259662850;258769095;259044799;160769768;207463376;260879469;256634072;219983364;246983002;260493615;185508810;163991089;223592218;220751284;260475895;243901812;260733302;260606745;260632843;217998599;227757596;260179900;260538594;260490839;260452476;201348585;158645419;258952196;240266248;259360804;247399486;259963789;260232451;233049167;259032650;257278723;257972415;260169211;255951157;259924445;259545814","0","4","1","261157040;260075473;252844006;261178732;243778630;250743717;260230500;207956215;258511331;260777438;260561057;226193890;259988690;207688117;260179393;259780514;259008379;260783284;175370216;257996889;255940560;205371247;245965469;256269899;248173113;228716240;221858138;259688895;231169241;260516817;203617609;246796434;243578186;255555109;260041445;259990040;191323864;237438352;238869372;250087699;172839921;259542864;249861858;250820599;232964540;259434386;251384063;258174062;232065116;259486182","1100"
0,"971742","259602417","5","86;","1","huawei","2","huawei_10","3","0","3","204465471;193656148;261156233;261204877;226848144;213140072;260354910;261005065;261064351;259662850;258769095;259044799;160769768;207463376;260879469;256634072;219983364;246983002;260493615;185508810;163991089;223592218;220751284;260475895;243901812;260733302;260606745;260632843;217998599;227757596;260179900;260538594;260490839;260452476;201348585;158645419;258952196;240266248;259360804;247399486;259963789;260232451;233049167;259032650;257278723;257972415;260169211;255951157;259924445;259545814","0","4","1","260075473;252844006;261178732;243778630;250743717;260230500;207956215;258511331;260777438;260561057;226193890;259988690;207688117;260179393;259780514;259008379;260783284;175370216;257996889;255940560;205371247;245965469;256269899;248173113;228716240;221858138;259688895;231169241;260516817;203617609;246796434;243578186;255555109;260041445;259990040;191323864;237438352;238869372;250087699;172839921;259542864;249861858;250820599;232964540;259434386;251384063;258174062;232065116;259486182;183016554","1100"
0,"971742","259602417","5","86;","1","huawei","2","huawei_10","4","0","3","204465471;193656148;261156233;261204877;226848144;213140072;260354910;261005065;261064351;259662850;258769095;259044799;160769768;207463376;260879469;256634072;219983364;246983002;260493615;185508810;163991089;223592218;220751284;260475895;243901812;260733302;260606745;260632843;217998599;227757596;260179900;260538594;260490839;260452476;201348585;158645419;258952196;240266248;259360804;247399486;259963789;260232451;233049167;259032650;257278723;257972415;260169211;255951157;259924445;259545814","0","4","1","260075473;252844006;261178732;243778630;250743717;260230500;207956215;258511331;260777438;260561057;226193890;259988690;207688117;260179393;259780514;259008379;260783284;175370216;257996889;255940560;205371247;245965469;256269899;248173113;228716240;221858138;259688895;231169241;260516817;203617609;246796434;243578186;255555109;260041445;259990040;191323864;237438352;238869372;250087699;172839921;259542864;249861858;250820599;232964540;259434386;251384063;258174062;232065116;259486182;183016554","1100"
1,"971742","259602417","5","86;","1","huawei","2","huawei_10","4","0","3","213140072;260354910;261005065;261064351;259662850;258769095;259044799;160769768;193656148;207463376;260879469;256634072;219983364;246983002;260493615;185508810;163991089;223592218;220751284;260475895;243901812;260733302;260606745;260632843;217998599;227757596;260179900;260538594;260490839;260452476;201348585;158645419;258952196;240266248;259360804;247399486;259963789;260232451;233049167;259032650;257278723;257972415;260169211;255951157;259924445;259545814;258052828;259035509;222238786;238146258","0","4","1","261178732;243778630;250743717;260230500;207956215;258511331;260777438;260561057;226193890;259988690;207688117;260179393;259780514;259008379;260783284;175370216;257996889;255940560;205371247;245965469;256269899;248173113;228716240;221858138;259688895;231169241;260516817;203617609;246796434;243578186;255555109;260041445;259990040;191323864;237438352;238869372;250087699;172839921;259542864;249861858;250820599;232964540;259434386;251384063;258174062;232065116;259486182;183016554;199926397;258107427","1100"
0,"971742","260075473","5","124;86","1","huawei","2","huawei_10","4","0","3","193656148;261156233;259602417;261204877;226848144;213140072;260354910;261005065;261064351;259662850;258769095;259044799;160769768;207463376;260879469;256634072;219983364;246983002;260493615;185508810;163991089;223592218;220751284;260475895;243901812;260733302;260606745;260632843;217998599;227757596;260179900;260538594;260490839;260452476;201348585;158645419;258952196;240266248;259360804;247399486;259963789;260232451;233049167;259032650;257278723;257972415;260169211;255951157;259924445;259545814","0","4","1","252844006;261178732;243778630;250743717;260230500;207956215;258511331;260777438;260561057;226193890;259988690;207688117;260179393;259780514;259008379;260783284;175370216;257996889;255940560;205371247;245965469;256269899;248173113;228716240;221858138;259688895;231169241;260516817;203617609;246796434;243578186;255555109;260041445;259990040;191323864;237438352;238869372;250087699;172839921;259542864;249861858;250820599;232964540;259434386;251384063;258174062;232065116;259486182;183016554;199926397","1100"
0,"971742","246817048","1","1351;","1","huawei","2","huawei_10","4","0","3","259602417;261204877;226848144;213140072;260354910;261005065;261064351;259662850;258769095;259044799;160769768;193656148;207463376;260879469;256634072;219983364;246983002;260493615;185508810;163991089;223592218;220751284;260475895;243901812;260733302;260606745;260632843;217998599;227757596;260179900;260538594;260490839;260452476;201348585;158645419;258952196;240266248;259360804;247399486;259963789;260232451;233049167;259032650;257278723;257972415;260169211;255951157;259924445;259545814;258052828","0","4","1","252844006;261178732;243778630;250743717;260230500;207956215;258511331;260777438;260561057;226193890;259988690;207688117;260179393;259780514;259008379;260783284;175370216;257996889;255940560;205371247;245965469;256269899;248173113;228716240;221858138;259688895;231169241;260516817;203617609;246796434;243578186;255555109;260041445;259990040;191323864;237438352;238869372;250087699;172839921;259542864;249861858;250820599;232964540;259434386;251384063;258174062;232065116;259486182;183016554;199926397","1098"
1,"971742","246817048","1","1351;","1","huawei","2","huawei_10","4","0","3","204465471;193656148;261156233;259602417;261204877;226848144;213140072;260354910;261005065;261064351;259662850;258769095;259044799;160769768;207463376;260879469;256634072;219983364;246983002;260493615;185508810;163991089;223592218;220751284;260475895;243901812;260733302;260606745;260632843;217998599;227757596;260179900;260538594;260490839;260452476;201348585;158645419;258952196;240266248;259360804;247399486;259963789;260232451;233049167;259032650;257278723;257972415;260169211;255951157;259924445","0","4","1","261157040;260075473;252844006;261178732;243778630;250743717;260230500;207956215;258511331;260777438;260561057;226193890;259988690;207688117;260179393;259780514;259008379;260783284;175370216;257996889;255940560;205371247;245965469;256269899;248173113;228716240;221858138;259688895;231169241;260516817;203617609;246796434;243578186;255555109;260041445;259990040;191323864;237438352;238869372;250087699;172839921;259542864;249861858;250820599;232964540;259434386;251384063;258174062;232065116;259486182","1098"
1,"971742","204465471","2","37;","1","huawei","2","huawei_10","4","0","3","261156233;259602417;261204877;226848144;213140072;260354910;261005065;261064351;259662850;258769095;259044799;160769768;193656148;207463376;260879469;256634072;219983364;246983002;260493615;185508810;163991089;223592218;220751284;260475895;243901812;260733302;260606745;260632843;217998599;227757596;260179900;260538594;260490839;260452476;201348585;158645419;258952196;240266248;259360804;247399486;259963789;260232451;233049167;259032650;257278723;257972415;260169211;255951157;259924445;259545814","0","4","1","252844006;261178732;243778630;250743717;260230500;207956215;258511331;260777438;260561057;226193890;259988690;207688117;260179393;259780514;259008379;260783284;175370216;257996889;255940560;205371247;245965469;256269899;248173113;228716240;221858138;259688895;231169241;260516817;203617609;246796434;243578186;255555109;260041445;259990040;191323864;237438352;238869372;250087699;172839921;259542864;249861858;250820599;232964540;259434386;251384063;258174062;232065116;259486182;183016554;199926397","1101"
0,"971742","259662850","7","173;","1","huawei","2","huawei_10","4","0","3","261156233;259602417;261204877;226848144;213140072;260354910;261005065;261064351;258769095;259044799;160769768;193656148;207463376;260879469;256634072;219983364;246983002;260493615;185508810;163991089;223592218;220751284;260475895;243901812;260733302;260606745;260632843;217998599;227757596;260179900;260538594;260490839;260452476;201348585;158645419;258952196;240266248;259360804;247399486;259963789;260232451;233049167;259032650;257278723;257972415;260169211;255951157;259924445;259545814;258052828","0","4","1","252844006;261178732;243778630;250743717;260230500;207956215;258511331;260777438;260561057;226193890;259988690;207688117;260179393;259780514;259008379;260783284;175370216;257996889;255940560;205371247;245965469;256269899;248173113;228716240;221858138;259688895;231169241;260516817;203617609;246796434;243578186;255555109;260041445;259990040;191323864;237438352;238869372;250087699;172839921;259542864;249861858;250820599;232964540;259434386;251384063;258174062;232065116;259486182;183016554;199926397","1080"
0,"971742","259662850","7","173;","1","huawei","2","huawei_10","3","0","3","204465471;193656148;261156233;259602417;261204877;226848144;213140072;260354910;261005065;261064351;258769095;259044799;160769768;207463376;260879469;256634072;219983364;246983002;260493615;185508810;163991089;223592218;220751284;260475895;243901812;260733302;260606745;260632843;217998599;227757596;260179900;260538594;260490839;260452476;201348585;158645419;258952196;240266248;259360804;247399486;259963789;260232451;233049167;259032650;257278723;257972415;260169211;255951157;259924445;259545814","0","4","1","261157040;260075473;252844006;261178732;243778630;250743717;260230500;207956215;258511331;260777438;260561057;226193890;259988690;207688117;260179393;259780514;259008379;260783284;175370216;257996889;255940560;205371247;245965469;256269899;248173113;228716240;221858138;259688895;231169241;260516817;203617609;246796434;243578186;255555109;260041445;259990040;191323864;237438352;238869372;250087699;172839921;259542864;249861858;250820599;232964540;259434386;251384063;258174062;232065116;259486182","1080"
1,"971742","259662850","7","173;","1","huawei","2","huawei_10","4","0","3","246817048;204465471;193656148;261156233;259602417;261204877;226848144;213140072;260354910;261005065;261064351;258769095;259044799;160769768;207463376;260879469;256634072;219983364;246983002;260493615;185508810;163991089;223592218;220751284;260475895;243901812;260733302;260606745;260632843;217998599;227757596;260179900;260538594;260490839;260452476;201348585;158645419;258952196;240266248;259360804;247399486;259963789;260232451;233049167;259032650;257278723;257972415;260169211;255951157;259924445","0","4","1","261028341;261157040;260075473;252844006;261178732;243778630;250743717;260230500;207956215;258511331;260777438;260561057;226193890;259988690;207688117;260179393;259780514;259008379;260783284;175370216;257996889;255940560;205371247;245965469;256269899;248173113;228716240;221858138;259688895;231169241;260516817;203617609;246796434;243578186;255555109;260041445;259990040;191323864;237438352;238869372;250087699;172839921;259542864;249861858;250820599;232964540;259434386;251384063;258174062;232065116","1080"
0,"972323","240266248","3","1359;","1","huawei","2","huawei_9","4","0","3","96182883;168408723;255644286;257137418;256978040;147956641;;;;;;;;;;;;;;;;;;;;;;;;;;;;;;;;;;;;;;;;;;;;","1","4","1","245597521;252616969;255674597;232430942;192376571;236630664;230345215;250515204;245141845;246637384;245540146;250463482;248220458;250825304;250800684;239763264;239443855;234914804;248004639;246691502;242742860;248469122;188212209;200677051;244844964;;;;;;;;;;;;;;;;;;;;;;;;;","1018"
0,"9723369","148462254","3","111;","1","huawei","2","huawei_10","4","0","1","227569245;230817976;231538744;244687819;245097662;249037900;243725956;258834925;257994124;258697068;256162645;255169627;255040687;247816236;250380747;227709203;254729520;252747967;61945378;62716732;182352869;111064247;254217554;253494200;253032744;;;;;;;;;;;;;;;;;;;;;;;;;","0","4","0","257996889;153915136;188035278;259034747;258052828;255674597;205464305;226385081;255625757;257297927;233049167;255796075;206388161;251199266;239763264;203329720;252253801;232430942;247244371;250433639;253546362;146736379;235940936;202139461;167099208;245888636;243052563;245655269;242963404;237035130;235150638;247404667;252616969;216834142;250499691;244145632;248458632;219625243;204169254;252044773;199501893;207839477;244321754;251729054;251484678;250769622;251270935;247264210;244701535;236840610","1032"
0,"97242137","259780514","4","111;","1","huawei","2","huawei_9","3","0","3","260255877;194142927;235940936;249750647;260109139;260178711;260179304;256880946;254874062;253734015;252616969;177735305;207193506;248665330;232538589;213693745;252697988;244035749;252242482;;;;;;;;;;;;;;;;;;;;;;;;;;;;;;;","1","3","1","215262338;257458534;253485836;224150676;251618706;240266248;247826088;238527325;174811980;208520500;253979002;146736379;246739421;251384063;255674597;223167642;178143721;245597521;196349767;245147251;250499691;101124721;205021736;236630664;238729078;246448175;224774467;207839477;250769622;250515204;232430942;247264210;240336969;245756575;239158144;245655269;238166663;189344390;207432661;233978830;237035625;246864522;229096092;250816280;191076833;207156016;188767319;237356489;238326412;182166397","1063"
0,"97255688","255940560","5","124;","1","iphone","1","iphone_ios 12","3","1","1","260119993;256337927;258340918;258377048;260622776;233049167;258290678;239982803;259583470;259494947;211531487;;;;;;;;;;;;;;;;;;;;;;;;;;;;;;;;;;;;;;;","0","3","1","239158144;260561536;185027309;243647663;201041648;246739421;258561081;239763264;226385081;251384063;259360804;238146258;247264552;250087699;259035509;208500332;245744101;236391333;240437467;235446834;204058328;241175107;247927223;198488575;236224723;192021015;245177873;250593769;247577184;258856860;253670730;;;;;;;;;;;;;;;;;;;","1072"
0,"97255688","239158144","5","124;","1","iphone","1","iphone_ios 12","3","1","1","256337927;258340918;260119993;258377048;260622776;233049167;258290678;239982803;259583470;259494947;211531487;;;;;;;;;;;;;;;;;;;;;;;;;;;;;;;;;;;;;;;","0","3","1","260561536;185027309;243647663;201041648;246739421;258561081;239763264;226385081;251384063;259360804;238146258;247264552;250087699;259035509;208500332;245744101;236391333;240437467;235446834;204058328;241175107;247927223;198488575;236224723;192021015;245177873;250593769;247577184;258856860;253670730;;;;;;;;;;;;;;;;;;;;","1018"
0,"9726273","252616969","9","201;","1","huawei","2","huawei_10","4","0","1","199853919;140838294;173539410;260266598;259163329;260848100;260864328;260735989;243029277;254186538;260371453;259683446;260690593;260519878;203011616;142764168;142973507;203565551;142989908;260595291;142725720;143548309;254576449;253224294;;;;;;;;;;;;;;;;;;;;;;;;;;","0","3","0","213393374;249784622;253544816;246790170;250064293;233350205;123687265;231641674;206508113;250050025;243871218;252343607;222928531;219132194;207050832;248582562;89161418;231015195;246739421;251415091;247949944;255523631;255104996;250345598;231341776;252655722;252747967;246448175;247840234;231626552;249477345;241664942;195146547;246532884;236793582;236840610;246828313;;;;;;;;;;;;;","1114"
0,"9727204","259914458","4","111;","1","xiaomi","5","xiaomi_10","4","0","2","261165955;261078980;261136338;261002933;261129259;261035747;261101561;260996848;260685769;261097381;261091622;261103750;261068230;261093212;261079203;260612977;220407860;203167651;142403563;142415110;142527273;255951157;238869372;256939941;137404909;207880632;244538997;118701379;149934444;202457449;85536360;173606192;242610635;110113421;112357740;23681811;226770058;220488138;257425237;138419954;258266739;231344371;174136153;229871916;124988864;78383297;222855185;32869831;140365548;123647386","0","4","0","177597879;259016402;207463376;202869477;176766952;258908033;204181096;261085056;193656148;251525001;234702879;205464305;260083097;248206159;207865650;258812588;240266248;213140072;184750607;238028987;243457033;260725976;164241391;252973347;224611205;243667749;221858138;207510859;187639699;237612320;196267885;255940560;260722225;259024960;258521820;242989914;250625246;194603673;258916354;217998599;259512980;259920010;243439228;232964540;260065858;231756505;177083800;183947790;223592218;259360804","1030"
0,"9727204","259914458","4","111;","1","xiaomi","5","xiaomi_10","4","0","2","261165955;261078980;261136338;261002933;261129259;261035747;261101561;260996848;260685769;261097381;261091622;261103750;261068230;261093212;261079203;260612977;220407860;203167651;142403563;142415110;142527273;255951157;238869372;256939941;137404909;207880632;244538997;118701379;149934444;202457449;85536360;173606192;242610635;110113421;112357740;23681811;226770058;220488138;257425237;138419954;258266739;231344371;174136153;229871916;124988864;78383297;222855185;32869831;140365548;123647386","0","4","0","207463376;202869477;176766952;258908033;204181096;261085056;193656148;251525001;234702879;205464305;260083097;248206159;207865650;258812588;240266248;213140072;184750607;238028987;243457033;260725976;164241391;252973347;224611205;243667749;221858138;207510859;187639699;237612320;196267885;255940560;260722225;259024960;258521820;242989914;250625246;194603673;258916354;217998599;259512980;259920010;243439228;232964540;260065858;231756505;177083800;183947790;223592218;259360804;259904105;258773021","1030"
0,"9727204","207865650","4","111;","1","xiaomi","5","xiaomi_10","4","0","2","261035747;261101561;260996848;260685769;261097381;261091622;261103750;261068230;261093212;261079203;260612977;220407860;203167651;142403563;142415110;142527273;255951157;238869372;256939941;137404909;207880632;244538997;118701379;149934444;202457449;85536360;173606192;242610635;110113421;112357740;23681811;226770058;220488138;257425237;138419954;258266739;231344371;174136153;229871916;124988864;78383297;222855185;32869831;140365548;123647386;252873205;254692100;78191820;245829055;255033853","0","4","0","258812588;240266248;213140072;184750607;238028987;243457033;260725976;164241391;252973347;224611205;243667749;221858138;207510859;187639699;237612320;196267885;255940560;260722225;259024960;258521820;242989914;250625246;194603673;258916354;217998599;259512980;259920010;243439228;232964540;260065858;231756505;177083800;183947790;223592218;259360804;259904105;258773021;243270425;259893354;259034747;220751284;259842767;198496022;232028639;191450217;209180392;239844744;207632721;203617609;209721019","1113"
0,"9727204","207463376","8","189;","1","xiaomi","5","xiaomi_10","4","0","2","261165955;261078980;261136338;261002933;261129259;261035747;261101561;260996848;260685769;261097381;261091622;261103750;261068230;261093212;261079203;260612977;220407860;203167651;142403563;142415110;142527273;255951157;238869372;256939941;137404909;207880632;244538997;118701379;149934444;202457449;85536360;173606192;242610635;110113421;112357740;23681811;226770058;220488138;257425237;138419954;258266739;231344371;174136153;229871916;124988864;78383297;222855185;32869831;140365548;123647386","0","4","0","202869477;176766952;258908033;204181096;261085056;193656148;251525001;234702879;205464305;260083097;248206159;207865650;258812588;240266248;213140072;184750607;238028987;243457033;260725976;164241391;252973347;224611205;243667749;221858138;207510859;187639699;237612320;196267885;255940560;260722225;259024960;258521820;242989914;250625246;194603673;258916354;217998599;259512980;259920010;243439228;232964540;260065858;231756505;177083800;183947790;223592218;259360804;259904105;258773021;243270425","1072"
0,"9727204","251525001","4","99;","1","xiaomi","5","xiaomi_10","4","0","2","261165955;261078980;261136338;261002933;261129259;261035747;261101561;260996848;260685769;261097381;261091622;261103750;261068230;261093212;261079203;260612977;220407860;203167651;142403563;142415110;142527273;255951157;238869372;256939941;137404909;207880632;244538997;118701379;149934444;202457449;85536360;173606192;242610635;110113421;112357740;23681811;226770058;220488138;257425237;138419954;258266739;231344371;174136153;229871916;124988864;78383297;222855185;32869831;140365548;123647386","0","4","0","234702879;205464305;260083097;248206159;207865650;258812588;240266248;213140072;184750607;238028987;243457033;260725976;164241391;252973347;224611205;243667749;221858138;207510859;187639699;237612320;196267885;255940560;260722225;259024960;258521820;242989914;250625246;194603673;258916354;217998599;259512980;259920010;243439228;232964540;260065858;231756505;177083800;183947790;223592218;259360804;259904105;258773021;243270425;259893354;259034747;220751284;259842767;198496022;232028639;191450217","1072"
0,"9727204","205464305","8","189;","1","xiaomi","5","xiaomi_10","4","0","2","261165955;261078980;261136338;261002933;261129259;261035747;261101561;260996848;260685769;261097381;261091622;261103750;261068230;261093212;261079203;260612977;220407860;203167651;142403563;142415110;142527273;255951157;238869372;256939941;137404909;207880632;244538997;118701379;149934444;202457449;85536360;173606192;242610635;110113421;112357740;23681811;226770058;220488138;257425237;138419954;258266739;231344371;174136153;229871916;124988864;78383297;222855185;32869831;140365548;123647386","0","4","0","260083097;248206159;207865650;258812588;240266248;213140072;184750607;238028987;243457033;260725976;164241391;252973347;224611205;243667749;221858138;207510859;187639699;237612320;196267885;255940560;260722225;259024960;258521820;242989914;250625246;194603673;258916354;217998599;259512980;259920010;243439228;232964540;260065858;231756505;177083800;183947790;223592218;259360804;259904105;258773021;243270425;259893354;259034747;220751284;259842767;198496022;232028639;191450217;209180392;239844744","1018"
0,"9727204","256346239","2","44;","1","xiaomi","5","xiaomi_10","4","0","2","261165955;261078980;261136338;261002933;261129259;261035747;261101561;260996848;260685769;261097381;261091622;261103750;261068230;261093212;261079203;260612977;220407860;203167651;142403563;142415110;142527273;255951157;238869372;256939941;137404909;207880632;244538997;118701379;149934444;202457449;85536360;173606192;242610635;110113421;112357740;23681811;226770058;220488138;257425237;138419954;258266739;231344371;174136153;229871916;124988864;78383297;222855185;32869831;140365548;123647386","0","4","0","258908033;204181096;261085056;193656148;251525001;234702879;205464305;260083097;248206159;207865650;258812588;240266248;213140072;184750607;238028987;243457033;260725976;164241391;252973347;224611205;243667749;221858138;207510859;187639699;237612320;196267885;255940560;260722225;259024960;258521820;242989914;250625246;194603673;258916354;217998599;259512980;259920010;243439228;232964540;260065858;231756505;177083800;183947790;223592218;259360804;259904105;258773021;243270425;259893354;259034747","1100"
0,"9727204","240697229","5","86;","1","xiaomi","5","xiaomi_10","4","0","2","261165955;261078980;261136338;261002933;261129259;261035747;261101561;260996848;260685769;261097381;261091622;261103750;261068230;261093212;261079203;260612977;220407860;203167651;142403563;142415110;142527273;255951157;238869372;256939941;137404909;207880632;244538997;118701379;149934444;202457449;85536360;173606192;242610635;110113421;112357740;23681811;226770058;220488138;257425237;138419954;258266739;231344371;174136153;229871916;124988864;78383297;222855185;32869831;140365548;123647386","0","4","0","207463376;202869477;176766952;258908033;204181096;261085056;193656148;251525001;234702879;205464305;260083097;248206159;207865650;258812588;240266248;213140072;184750607;238028987;243457033;260725976;164241391;252973347;224611205;243667749;221858138;207510859;187639699;237612320;196267885;255940560;260722225;259024960;258521820;242989914;250625246;194603673;258916354;217998599;259512980;259920010;243439228;232964540;260065858;231756505;177083800;183947790;223592218;259360804;259904105;258773021","1072"
0,"9727204","240697229","5","86;","1","xiaomi","5","xiaomi_10","4","0","2","261165955;261078980;261136338;261002933;261129259;261035747;261101561;260996848;260685769;261097381;261091622;261103750;261068230;261093212;261079203;260612977;220407860;203167651;142403563;142415110;142527273;255951157;238869372;256939941;137404909;207880632;244538997;118701379;149934444;202457449;85536360;173606192;242610635;110113421;112357740;23681811;226770058;220488138;257425237;138419954;258266739;231344371;174136153;229871916;124988864;78383297;222855185;32869831;140365548;123647386","0","4","0","259914458;177597879;259016402;207463376;202869477;176766952;258908033;204181096;261085056;193656148;251525001;234702879;205464305;260083097;248206159;207865650;258812588;240266248;213140072;184750607;238028987;243457033;260725976;164241391;252973347;224611205;243667749;221858138;207510859;187639699;237612320;196267885;255940560;260722225;259024960;258521820;242989914;250625246;194603673;258916354;217998599;259512980;259920010;243439228;232964540;260065858;231756505;177083800;183947790;223592218","1072"
0,"9727204","240697229","5","86;","1","xiaomi","5","xiaomi_10","4","0","2","261165955;261078980;261136338;261002933;261129259;261035747;261101561;260996848;260685769;261097381;261091622;261103750;261068230;261093212;261079203;260612977;220407860;203167651;142403563;142415110;142527273;255951157;238869372;256939941;137404909;207880632;244538997;118701379;149934444;202457449;85536360;173606192;242610635;110113421;112357740;23681811;226770058;220488138;257425237;138419954;258266739;231344371;174136153;229871916;124988864;78383297;222855185;32869831;140365548;123647386","0","4","0","259914458;177597879;259016402;207463376;202869477;176766952;258908033;204181096;261085056;193656148;251525001;234702879;205464305;260083097;248206159;207865650;258812588;240266248;213140072;184750607;238028987;243457033;260725976;164241391;252973347;224611205;243667749;221858138;207510859;187639699;237612320;196267885;255940560;260722225;259024960;258521820;242989914;250625246;194603673;258916354;217998599;259512980;259920010;243439228;232964540;260065858;231756505;177083800;183947790;223592218","1072"
0,"9727204","240697229","5","86;","1","xiaomi","5","xiaomi_10","4","0","2","187550068;261165955;261078980;261136338;261002933;261129259;261035747;261101561;260996848;260685769;261097381;261091622;261103750;261068230;261093212;261079203;260612977;220407860;203167651;142403563;142415110;142527273;255951157;238869372;256939941;137404909;207880632;244538997;118701379;149934444;202457449;85536360;173606192;242610635;110113421;112357740;23681811;226770058;220488138;257425237;138419954;258266739;231344371;174136153;229871916;124988864;78383297;222855185;32869831;140365548","0","4","0","259914458;177597879;259016402;207463376;202869477;176766952;258908033;204181096;261085056;193656148;251525001;234702879;205464305;260083097;248206159;207865650;258812588;240266248;213140072;184750607;238028987;243457033;260725976;164241391;252973347;224611205;243667749;221858138;207510859;187639699;237612320;196267885;255940560;260722225;259024960;258521820;242989914;250625246;194603673;258916354;217998599;259512980;259920010;243439228;232964540;260065858;231756505;177083800;183947790;223592218","1072"
0,"9727204","202869477","1","8;","1","xiaomi","5","xiaomi_10","4","0","2","261165955;261078980;261136338;261002933;261129259;261035747;261101561;260996848;260685769;261097381;261091622;261103750;261068230;261093212;261079203;260612977;220407860;203167651;142403563;142415110;142527273;255951157;238869372;256939941;137404909;207880632;244538997;118701379;149934444;202457449;85536360;173606192;242610635;110113421;112357740;23681811;226770058;220488138;257425237;138419954;258266739;231344371;174136153;229871916;124988864;78383297;222855185;32869831;140365548;123647386","0","4","0","176766952;258908033;204181096;261085056;193656148;251525001;234702879;205464305;260083097;248206159;207865650;258812588;240266248;213140072;184750607;238028987;243457033;260725976;164241391;252973347;224611205;243667749;221858138;207510859;187639699;237612320;196267885;255940560;260722225;259024960;258521820;242989914;250625246;194603673;258916354;217998599;259512980;259920010;243439228;232964540;260065858;231756505;177083800;183947790;223592218;259360804;259904105;258773021;243270425;259893354","1072"
0,"9727204","259016402","7","173;","1","xiaomi","5","xiaomi_10","4","0","2","261165955;261078980;261136338;261002933;261129259;261035747;261101561;260996848;260685769;261097381;261091622;261103750;261068230;261093212;261079203;260612977;220407860;203167651;142403563;142415110;142527273;255951157;238869372;256939941;137404909;207880632;244538997;118701379;149934444;202457449;85536360;173606192;242610635;110113421;112357740;23681811;226770058;220488138;257425237;138419954;258266739;231344371;174136153;229871916;124988864;78383297;222855185;32869831;140365548;123647386","0","4","0","207463376;202869477;176766952;258908033;204181096;261085056;193656148;251525001;234702879;205464305;260083097;248206159;207865650;258812588;240266248;213140072;184750607;238028987;243457033;260725976;164241391;252973347;224611205;243667749;221858138;207510859;187639699;237612320;196267885;255940560;260722225;259024960;258521820;242989914;250625246;194603673;258916354;217998599;259512980;259920010;243439228;232964540;260065858;231756505;177083800;183947790;223592218;259360804;259904105;258773021","1113"
0,"9727204","176766952","4","99;102","1","xiaomi","5","xiaomi_10","4","0","2","261165955;261078980;261136338;261002933;261129259;261035747;261101561;260996848;260685769;261097381;261091622;261103750;261068230;261093212;261079203;260612977;220407860;203167651;142403563;142415110;142527273;255951157;238869372;256939941;137404909;207880632;244538997;118701379;149934444;202457449;85536360;173606192;242610635;110113421;112357740;23681811;226770058;220488138;257425237;138419954;258266739;231344371;174136153;229871916;124988864;78383297;222855185;32869831;140365548;123647386","0","4","0","258908033;204181096;261085056;193656148;251525001;234702879;205464305;260083097;248206159;207865650;258812588;240266248;213140072;184750607;238028987;243457033;260725976;164241391;252973347;224611205;243667749;221858138;207510859;187639699;237612320;196267885;255940560;260722225;259024960;258521820;242989914;250625246;194603673;258916354;217998599;259512980;259920010;243439228;232964540;260065858;231756505;177083800;183947790;223592218;259360804;259904105;258773021;243270425;259893354;259034747","1006"
0,"9727204","234702879","5","124;","1","xiaomi","5","xiaomi_10","4","0","2","261165955;261078980;261136338;261002933;261129259;261035747;261101561;260996848;260685769;261097381;261091622;261103750;261068230;261093212;261079203;260612977;220407860;203167651;142403563;142415110;142527273;255951157;238869372;256939941;137404909;207880632;244538997;118701379;149934444;202457449;85536360;173606192;242610635;110113421;112357740;23681811;226770058;220488138;257425237;138419954;258266739;231344371;174136153;229871916;124988864;78383297;222855185;32869831;140365548;123647386","0","4","0","205464305;260083097;248206159;207865650;258812588;240266248;213140072;184750607;238028987;243457033;260725976;164241391;252973347;224611205;243667749;221858138;207510859;187639699;237612320;196267885;255940560;260722225;259024960;258521820;242989914;250625246;194603673;258916354;217998599;259512980;259920010;243439228;232964540;260065858;231756505;177083800;183947790;223592218;259360804;259904105;258773021;243270425;259893354;259034747;220751284;259842767;198496022;232028639;191450217;209180392","1032"
0,"9727204","193656148","3","94;","1","xiaomi","5","xiaomi_10","4","0","2","261165955;261078980;261136338;261002933;261129259;261035747;261101561;260996848;260685769;261097381;261091622;261103750;261068230;261093212;261079203;260612977;220407860;203167651;142403563;142415110;142527273;255951157;238869372;256939941;137404909;207880632;244538997;118701379;149934444;202457449;85536360;173606192;242610635;110113421;112357740;23681811;226770058;220488138;257425237;138419954;258266739;231344371;174136153;229871916;124988864;78383297;222855185;32869831;140365548;123647386","0","4","0","234702879;205464305;260083097;248206159;207865650;258812588;240266248;213140072;184750607;238028987;243457033;260725976;164241391;252973347;224611205;243667749;221858138;207510859;187639699;237612320;196267885;255940560;260722225;259024960;258521820;242989914;250625246;194603673;258916354;217998599;259512980;259920010;243439228;232964540;260065858;231756505;177083800;183947790;223592218;259360804;259904105;258773021;243270425;259893354;259034747;220751284;259842767;198496022;232028639;191450217","1103"
0,"9727204","258908033","5","124;","1","xiaomi","5","xiaomi_10","4","0","2","261165955;261078980;261136338;261002933;261129259;261035747;261101561;260996848;260685769;261097381;261091622;261103750;261068230;261093212;261079203;260612977;220407860;203167651;142403563;142415110;142527273;255951157;238869372;256939941;137404909;207880632;244538997;118701379;149934444;202457449;85536360;173606192;242610635;110113421;112357740;23681811;226770058;220488138;257425237;138419954;258266739;231344371;174136153;229871916;124988864;78383297;222855185;32869831;140365548;123647386","0","4","0","204181096;261085056;193656148;251525001;234702879;205464305;260083097;248206159;207865650;258812588;240266248;213140072;184750607;238028987;243457033;260725976;164241391;252973347;224611205;243667749;221858138;207510859;187639699;237612320;196267885;255940560;260722225;259024960;258521820;242989914;250625246;194603673;258916354;217998599;259512980;259920010;243439228;232964540;260065858;231756505;177083800;183947790;223592218;259360804;259904105;258773021;243270425;259893354;259034747;220751284","1063"
0,"9727204","248206159","3","1357;","1","xiaomi","5","xiaomi_10","4","0","2","261035747;261101561;260996848;260685769;261097381;261091622;261103750;261068230;261093212;261079203;260612977;220407860;203167651;142403563;142415110;142527273;255951157;238869372;256939941;137404909;207880632;244538997;118701379;149934444;202457449;85536360;173606192;242610635;110113421;112357740;23681811;226770058;220488138;257425237;138419954;258266739;231344371;174136153;229871916;124988864;78383297;222855185;32869831;140365548;123647386;252873205;254692100;78191820;245829055;255033853","0","4","0","207865650;258812588;240266248;213140072;184750607;238028987;243457033;260725976;164241391;252973347;224611205;243667749;221858138;207510859;187639699;237612320;196267885;255940560;260722225;259024960;258521820;242989914;250625246;194603673;258916354;217998599;259512980;259920010;243439228;232964540;260065858;231756505;177083800;183947790;223592218;259360804;259904105;258773021;243270425;259893354;259034747;220751284;259842767;198496022;232028639;191450217;209180392;239844744;207632721;203617609","1100"
0,"9727204","177597879","4","99;1361","1","xiaomi","5","xiaomi_10","4","0","2","261165955;261078980;261136338;261002933;261129259;261035747;261101561;260996848;260685769;261097381;261091622;261103750;261068230;261093212;261079203;260612977;220407860;203167651;142403563;142415110;142527273;255951157;238869372;256939941;137404909;207880632;244538997;118701379;149934444;202457449;85536360;173606192;242610635;110113421;112357740;23681811;226770058;220488138;257425237;138419954;258266739;231344371;174136153;229871916;124988864;78383297;222855185;32869831;140365548;123647386","0","4","0","259016402;207463376;202869477;176766952;258908033;204181096;261085056;193656148;251525001;234702879;205464305;260083097;248206159;207865650;258812588;240266248;213140072;184750607;238028987;243457033;260725976;164241391;252973347;224611205;243667749;221858138;207510859;187639699;237612320;196267885;255940560;260722225;259024960;258521820;242989914;250625246;194603673;258916354;217998599;259512980;259920010;243439228;232964540;260065858;231756505;177083800;183947790;223592218;259360804;259904105","1072"
0,"974281","163914141","1","8;4","1","iphone","1","iphone_ios 14","4","1","3","260445112;;;;;;;;;;;;;;;;;;;;;;;;;;;;;;;;;;;;;;;;;;;;;;;;;","0","4","0","211372936;249769290;189157551;203876734;250669795;198788268;239680096;247386627;244815697;237153916;201873161;243609666;233621699;191906335;196413261;232008888;241508833;236990721;207149843;190933913;241531545;243622728;;;;;;;;;;;;;;;;;;;;;;;;;;;;","1006"
0,"9755723","242561179","1","3;","1","oppo","3","oppo_5","4","0","2","204474910;;;;;;;;;;;;;;;;;;;;;;;;;;;;;;;;;;;;;;;;;;;;;;;;;","0","3","1","260918223;206794135;215394912;201165154;145243931;257450360;254986969;236696177;205464305;188919902;252783171;185027309;215748499;233049167;198381330;224087662;252044773;245888636;157562531;237035130;222359301;214042459;202722854;173824804;255674597;252400104;176632593;133741482;249725779;252616969;207156016;200677051;221821217;233510807;153335567;183906708;239158144;179772543;157670104;201489937;181032126;187678364;250458634;193325092;231902017;190675564;186749924;175758503;237338109;197749724","1098"
0,"9766626","255940560","5","124;","1","iphone","1","iphone_ios 13","4","1","2","260930784;260955149;259780514;260401174;259986244;259978670;259034747;259801661;259861197;250815683;259713719;259008872;258848480;247264552;258163106;254679362;258112788;249617948;258199794;258190908;258076256;255553881;255796075;256981803;234915591;213193427;255101098;256818062;256156741;253146206;256167802;256106168;237030109;193021150;255104996;255823121;255902245;255405735;250007686;246299167;244841832;243091939;255074515;250433639;253542848;254194665;207386196;253580370;250499691;254200564","0","4","0","259662850;260561057;260476341;226551160;217998599;240266248;254703849;260179900;244434517;259911403;212356268;249723161;246739421;258294057;237903946;197406907;248666554;252062096;250147551;239763264;252400104;195588506;254547950;241308895;208058451;246983657;244932771;255674597;254301804;215369748;247140794;241839958;252638953;135675423;235659388;242270901;254317390;255812145;252867136;255629172;184973031;254171697;252388152;197108360;254127154;243655205;214042459;242195655;244096066;251796933","1072"
0,"9768347","164241391","5","189;","1","honor","2","honor_10","4","0","1","49761949;132372304;206146681;211566565;248598762;208772356;117939685;116158754;205979354;195480141;;;;;;;;;;;;;;;;;;;;;;;;;;;;;;;;;;;;;;;;","0","4","1","212508207;227121281;259226940;210261063;205254347;243155454;258959107;210771400;257472173;209736288;259204748;166612014;220902808;234458129;140091702;258889027;194247054;242930395;207063820;253973855;179097629;226770058;240311958;232589940;218393485;131478938;259197141;249723161;259286426;177263455;132965608;259241755;257966556;259096579;159436261;259291825;259045372;259165537;259178907;259102336;174112522;175904866;259212938;168233547;259058037;190499181;256705813;259261967;177015195;259217551","1063"
0,"9768347","164241391","5","189;","1","honor","2","honor_10","4","0","1","49761949;132372304;206146681;211566565;248598762;208772356;117939685;116158754;205979354;195480141;;;;;;;;;;;;;;;;;;;;;;;;;;;;;;;;;;;;;;;;","0","4","1","212508207;227121281;259226940;210261063;205254347;243155454;258959107;210771400;257472173;209736288;259204748;166612014;220902808;234458129;140091702;258889027;194247054;242930395;207063820;253973855;179097629;226770058;240311958;232589940;218393485;131478938;259197141;249723161;259286426;177263455;132965608;259241755;257966556;259096579;159436261;259291825;259045372;259165537;259178907;259102336;174112522;175904866;259212938;168233547;259058037;190499181;256705813;259261967;177015195;259217551","1063"
0,"9773189","250625246","1","8;","1","huawei","2","huawei_10","4","0","3","260903903;260977923;260621399;260612977;260853170;258518147;259786276;260294476;203617609;245164234;240999575;173985640;260144306;260504061;259639916;192088972;212171602;250275925;198285536;259360804;254547947;245081562;254495366;250585848;256271792;258290678;237555124;258867863;238917369;259180076;258108143;227231269;259315136;259440902;259556468;245571251;259551297;169205275;256935228;239539472;125242202;238529088;252579122;259006964;258495365;185517236;256922175;258691366;233498751;257824587","1","4","2","259604623;259921948;259681184;255383180;236797471;260867466;260496962;236699950;245782816;251745219;260696662;242481046;199304406;260370971;259421321;260698281;255247077;254485246;259794267;242064414;218461346;247826088;257980227;260584722;229713669;258008238;246739288;260309287;225549023;177917721;187291724;232265038;238890554;257796752;161882496;244413742;253419421;217998599;248289780;230903583;240266248;260231184;199252108;227118304;224150676;248173113;172981398;244414855;235743297;195994212","1018"
0,"9773189","162254977","4","100;","1","huawei","2","huawei_10","4","0","3","249561799;192504883;260903903;260977923;260621399;260612977;260853170;258518147;259786276;260294476;203617609;245164234;240999575;173985640;260144306;260504061;259639916;192088972;212171602;250275925;198285536;259360804;254547947;245081562;254495366;250585848;256271792;258290678;237555124;258867863;238917369;259180076;258108143;227231269;259315136;259440902;259556468;245571251;259551297;169205275;256935228;239539472;125242202;238529088;252579122;259006964;258495365;185517236;256922175;258691366","1","4","2","259211128;261096272;250625246;259604623;259921948;259681184;255383180;236797471;260867466;260496962;236699950;245782816;251745219;260696662;242481046;199304406;260370971;259421321;260698281;255247077;254485246;259794267;242064414;218461346;247826088;257980227;260584722;229713669;258008238;246739288;260309287;225549023;177917721;187291724;232265038;238890554;257796752;161882496;244413742;253419421;217998599;248289780;230903583;240266248;260231184;199252108;227118304;224150676;248173113;172981398","1103"
0,"9773189","216902288","4","100;","1","huawei","2","huawei_10","4","0","3","260903903;260977923;260621399;260612977;260853170;258518147;259786276;260294476;203617609;245164234;240999575;173985640;260144306;260504061;259639916;192088972;212171602;250275925;198285536;259360804;254547947;245081562;254495366;250585848;256271792;258290678;237555124;258867863;238917369;259180076;258108143;227231269;259315136;259440902;259556468;245571251;259551297;169205275;256935228;239539472;125242202;238529088;252579122;259006964;258495365;185517236;256922175;258691366;233498751;257824587","1","4","2","259604623;259921948;259681184;255383180;236797471;260867466;260496962;236699950;245782816;251745219;260696662;242481046;199304406;260370971;259421321;260698281;255247077;254485246;259794267;242064414;218461346;247826088;257980227;260584722;229713669;258008238;246739288;260309287;225549023;177917721;187291724;232265038;238890554;257796752;161882496;244413742;253419421;217998599;248289780;230903583;240266248;260231184;199252108;227118304;224150676;248173113;172981398;244414855;235743297;195994212","1080"
0,"9773189","216902288","4","100;","1","huawei","2","huawei_10","4","0","3","249561799;192504883;260903903;260977923;260621399;260612977;260853170;258518147;259786276;260294476;203617609;245164234;240999575;173985640;260144306;260504061;259639916;192088972;212171602;250275925;198285536;259360804;254547947;245081562;254495366;250585848;256271792;258290678;237555124;258867863;238917369;259180076;258108143;227231269;259315136;259440902;259556468;245571251;259551297;169205275;256935228;239539472;125242202;238529088;252579122;259006964;258495365;185517236;256922175;258691366","1","4","2","261096272;250625246;259604623;259921948;259681184;255383180;236797471;260867466;260496962;236699950;245782816;251745219;260696662;242481046;199304406;260370971;259421321;260698281;255247077;254485246;259794267;242064414;218461346;247826088;257980227;260584722;229713669;258008238;246739288;260309287;225549023;177917721;187291724;232265038;238890554;257796752;161882496;244413742;253419421;217998599;248289780;230903583;240266248;260231184;199252108;227118304;224150676;248173113;172981398;244414855","1080"
0,"9776576","194891788","3","111;199","1","iphone","1","iphone_ios 13","4","1","2",";;;;;;;;;;;;;;;;;;;;;;;;;;;;;;;;;;;;;;;;;;;;;;;;;","0","3","0",";;;;;;;;;;;;;;;;;;;;;;;;;;;;;;;;;;;;;;;;;;;;;;;;;","1003"
0,"9776576","261106541","2","44;","1","iphone","1","iphone_ios 13","4","1","2",";;;;;;;;;;;;;;;;;;;;;;;;;;;;;;;;;;;;;;;;;;;;;;;;;","0","3","0",";;;;;;;;;;;;;;;;;;;;;;;;;;;;;;;;;;;;;;;;;;;;;;;;;","1075"
0,"97784594","238332393","3","89;1357","1","huawei","2","huawei_9","4","0","3","260621738;195588506;223592218;252197022;252431182;241244979;244932771;197129955;200910805;182774164;196811981;115865018;248330934;182999117;251893907;182500245;169143903;257292329;1003;252803728;203718509;255792260;246237339;257418345;187621484;196617215;253146206;247839417;200950618;191336546;255674597;172945601;254602564;192190217;192021810;192584070;243489605;251473616;181376640;136912528;149394129;236224723;193199128;201454578;57610100;202651127;104120910;103921513;96182883;250102112","1","4","0","257796752;260233444;240266248;243694919;176591246;237607598;120537241;251370903;119607194;250230256;244336760;259545801;175310940;209818060;232166592;251645178;194652052;192370862;143829207;254301804;196886216;258409612;258425676;259067340;251384063;245392898;251932867;168168106;257302055;252537435;178369031;246086091;236625591;222238786;213193427;184240026;251077412;252253311;198126691;249723161;243517556;258540947;242990993;177735305;192949654;252044773;203734883;203012504;202459902;179119945","1026"
0,"97784594","259780514","4","111;","1","huawei","2","huawei_9","4","0","3","260621738;195588506;223592218;252197022;252431182;241244979;244932771;197129955;200910805;182774164;196811981;115865018;248330934;182999117;251893907;182500245;169143903;257292329;1003;252803728;203718509;255792260;246237339;257418345;187621484;196617215;253146206;247839417;200950618;191336546;255674597;172945601;254602564;192190217;192021810;192584070;243489605;251473616;181376640;136912528;149394129;236224723;193199128;201454578;57610100;202651127;104120910;103921513;96182883;250102112","1","4","0","257796752;260233444;240266248;243694919;176591246;237607598;120537241;251370903;119607194;250230256;244336760;259545801;175310940;209818060;232166592;251645178;194652052;192370862;143829207;254301804;196886216;258409612;258425676;259067340;251384063;245392898;251932867;168168106;257302055;252537435;178369031;246086091;236625591;222238786;213193427;184240026;251077412;252253311;198126691;249723161;243517556;258540947;242990993;177735305;192949654;252044773;203734883;203012504;202459902;179119945","1032"
0,"9784199","240266248","3","1359;","1","iphone","1","iphone_ios 13","3","1","1","241839958;70577005;251292854;;;;;;;;;;;;;;;;;;;;;;;;;;;;;;;;;;;;;;;;;;;;;;;","0","4","0","238729078;206794135;240062137;251177669;199558978;247561180;248830586;252116281;253653385;232800485;227118304;221036829;246088312;239158144;198857752;241308895;249676375;246942697;235527173;248643794;253863756;231633385;194896556;222233049;204051665;217035396;253979794;198015139;253463995;221858138;257376915;250862863;251461262;247577184;245010023;257866505;;;;;;;;;;;;;;","1098"
0,"97850280","199228618","5","129;","1","honor","2","honor_9","3","0","1","250691769;259008379;251745173;251744856;249772418;208052050;253470827;258747167;226289988;203617609;259204270;236696177;258052828;201600234;258831418;257057417;;;;;;;;;;;;;;;;;;;;;;;;;;;;;;;;;;","0","4","1","257329422;240971934;260670650;227158870;229090034;258680561;258684659;248405053;208169295;260565118;235855345;191564552;199591147;222258323;239497969;192192041;261001694;206373139;259418896;205475493;260800343;180777157;260695867;247556569;236814857;256962160;199558978;261032717;259024960;197981030;201165154;255792260;249676375;206771667;259016402;261113216;260322518;252431182;175808426;259636651;245798709;260835328;227617646;249586308;254301804;260422774;259418273;199770623;246535019;227118304","1044"
1,"97850280","251744856","4","1497;","1","honor","2","honor_9","3","0","1","249772418;208052050;253470827;258747167;226289988;203617609;259204270;236696177;258052828;201600234;258831418;257057417;;;;;;;;;;;;;;;;;;;;;;;;;;;;;;;;;;;;;;","0","4","1","254301804;260422774;259418273;199770623;246535019;227118304;205138097;242602248;259161365;258153374;198563370;238729078;215262338;259662850;255940560;176699016;171183039;258396876;240310476;244353407;254688307;247826088;232040925;197627194;204704289;259398718;257110740;208511515;260446901;245965469;256269523;254828614;258797476;203620986;256476284;260479968;255625757;246739288;251384063;246739421;;;;;;;;;;","1006"
0,"97850280","205475493","4","1365;111","1","honor","2","honor_9","3","0","1","250691769;259008379;251745173;251744856;249772418;208052050;253470827;258747167;226289988;203617609;259204270;236696177;258052828;201600234;258831418;257057417;;;;;;;;;;;;;;;;;;;;;;;;;;;;;;;;;;","0","4","1","260800343;180777157;260695867;247556569;236814857;256962160;199558978;261032717;259024960;197981030;201165154;255792260;249676375;206771667;259016402;261113216;260322518;252431182;175808426;259636651;245798709;260835328;227617646;249586308;254301804;260422774;259418273;199770623;246535019;227118304;205138097;242602248;259161365;258153374;198563370;238729078;215262338;259662850;255940560;176699016;171183039;258396876;240310476;244353407;254688307;247826088;232040925;197627194;204704289;259398718","1032"
0,"97850280","227158870","1","8;","1","honor","2","honor_9","3","0","1","250691769;259008379;251745173;251744856;249772418;208052050;253470827;258747167;226289988;203617609;259204270;236696177;258052828;201600234;258831418;257057417;;;;;;;;;;;;;;;;;;;;;;;;;;;;;;;;;;","0","4","1","229090034;258680561;258684659;248405053;208169295;260565118;235855345;191564552;199591147;222258323;239497969;192192041;261001694;206373139;259418896;205475493;260800343;180777157;260695867;247556569;236814857;256962160;199558978;261032717;259024960;197981030;201165154;255792260;249676375;206771667;259016402;261113216;260322518;252431182;175808426;259636651;245798709;260835328;227617646;249586308;254301804;260422774;259418273;199770623;246535019;227118304;205138097;242602248;259161365;258153374","1063"
0,"97850280","247556569","7","173;","1","honor","2","honor_9","3","0","1","250691769;259008379;251745173;251744856;249772418;208052050;253470827;258747167;226289988;203617609;259204270;236696177;258052828;201600234;258831418;257057417;;;;;;;;;;;;;;;;;;;;;;;;;;;;;;;;;;","0","4","1","256962160;199558978;261032717;259024960;197981030;201165154;255792260;249676375;206771667;259016402;261113216;260322518;252431182;175808426;259636651;245798709;260835328;227617646;249586308;254301804;260422774;259418273;199770623;246535019;227118304;205138097;242602248;259161365;258153374;198563370;238729078;215262338;259662850;255940560;176699016;171183039;258396876;240310476;244353407;254688307;247826088;232040925;197627194;204704289;259398718;257110740;208511515;260446901;245965469;256269523","1072"
0,"97850280","236814857","5","124;","1","honor","2","honor_9","3","0","1","250691769;259008379;251745173;251744856;249772418;208052050;253470827;258747167;226289988;203617609;259204270;236696177;258052828;201600234;258831418;257057417;;;;;;;;;;;;;;;;;;;;;;;;;;;;;;;;;;","0","4","1","256962160;199558978;261032717;259024960;197981030;201165154;255792260;249676375;206771667;259016402;261113216;260322518;252431182;175808426;259636651;245798709;260835328;227617646;249586308;254301804;260422774;259418273;199770623;246535019;227118304;205138097;242602248;259161365;258153374;198563370;238729078;215262338;259662850;255940560;176699016;171183039;258396876;240310476;244353407;254688307;247826088;232040925;197627194;204704289;259398718;257110740;208511515;260446901;245965469;256269523","1072"
0,"97850280","256962160","7","173;","1","honor","2","honor_9","3","0","1","250691769;259008379;251745173;251744856;249772418;208052050;253470827;258747167;226289988;203617609;259204270;236696177;258052828;201600234;258831418;257057417;;;;;;;;;;;;;;;;;;;;;;;;;;;;;;;;;;","0","4","1","199558978;261032717;259024960;197981030;201165154;255792260;249676375;206771667;259016402;261113216;260322518;252431182;175808426;259636651;245798709;260835328;227617646;249586308;254301804;260422774;259418273;199770623;246535019;227118304;205138097;242602248;259161365;258153374;198563370;238729078;215262338;259662850;255940560;176699016;171183039;258396876;240310476;244353407;254688307;247826088;232040925;197627194;204704289;259398718;257110740;208511515;260446901;245965469;256269523;254828614","1018"
0,"97850280","249586308","5","129;","1","honor","2","honor_9","3","0","1","251744856;249772418;208052050;253470827;258747167;226289988;203617609;259204270;236696177;258052828;201600234;258831418;257057417;;;;;;;;;;;;;;;;;;;;;;;;;;;;;;;;;;;;;","0","4","1","254301804;260422774;259418273;199770623;246535019;227118304;205138097;242602248;259161365;258153374;198563370;238729078;215262338;259662850;255940560;176699016;171183039;258396876;240310476;244353407;254688307;247826088;232040925;197627194;204704289;259398718;257110740;208511515;260446901;245965469;256269523;254828614;258797476;203620986;256476284;260479968;255625757;246739288;251384063;246739421;;;;;;;;;;","1063"
0,"97850280","260422774","5","134;","1","honor","2","honor_9","3","0","1","249772418;208052050;253470827;258747167;226289988;203617609;259204270;236696177;258052828;201600234;258831418;257057417;;;;;;;;;;;;;;;;;;;;;;;;;;;;;;;;;;;;;;","0","4","1","259418273;199770623;246535019;227118304;205138097;242602248;259161365;258153374;198563370;238729078;215262338;259662850;255940560;176699016;171183039;258396876;240310476;244353407;254688307;247826088;232040925;197627194;204704289;259398718;257110740;208511515;260446901;245965469;256269523;254828614;258797476;203620986;256476284;260479968;255625757;246739288;251384063;246739421;;;;;;;;;;;;","1098"
0,"97850280","214583423","5","1374;","1","honor","2","honor_9","3","0","1","250691769;259008379;251745173;251744856;249772418;208052050;253470827;258747167;226289988;203617609;259204270;236696177;258052828;201600234;258831418;257057417;;;;;;;;;;;;;;;;;;;;;;;;;;;;;;;;;;","0","4","1","255885880;245692825;258516871;241839958;222019591;172981398;259915306;261004010;207179300;199228618;257329422;240971934;260670650;227158870;229090034;258680561;258684659;248405053;208169295;260565118;235855345;191564552;199591147;222258323;239497969;192192041;261001694;206373139;259418896;205475493;260800343;180777157;260695867;247556569;236814857;256962160;199558978;261032717;259024960;197981030;201165154;255792260;249676375;206771667;259016402;261113216;260322518;252431182;175808426;259636651","1006"
0,"97850280","248405053","5","134;","1","honor","2","honor_9","3","0","1","250691769;259008379;251745173;251744856;249772418;208052050;253470827;258747167;226289988;203617609;259204270;236696177;258052828;201600234;258831418;257057417;;;;;;;;;;;;;;;;;;;;;;;;;;;;;;;;;;","0","4","1","208169295;260565118;235855345;191564552;199591147;222258323;239497969;192192041;261001694;206373139;259418896;205475493;260800343;180777157;260695867;247556569;236814857;256962160;199558978;261032717;259024960;197981030;201165154;255792260;249676375;206771667;259016402;261113216;260322518;252431182;175808426;259636651;245798709;260835328;227617646;249586308;254301804;260422774;259418273;199770623;246535019;227118304;205138097;242602248;259161365;258153374;198563370;238729078;215262338;259662850","1063"
0,"97850280","259016402","7","173;","1","honor","2","honor_9","3","0","1","250691769;259008379;251745173;251744856;249772418;208052050;253470827;258747167;226289988;203617609;259204270;236696177;258052828;201600234;258831418;257057417;;;;;;;;;;;;;;;;;;;;;;;;;;;;;;;;;;","0","4","1","261113216;260322518;252431182;175808426;259636651;245798709;260835328;227617646;249586308;254301804;260422774;259418273;199770623;246535019;227118304;205138097;242602248;259161365;258153374;198563370;238729078;215262338;259662850;255940560;176699016;171183039;258396876;240310476;244353407;254688307;247826088;232040925;197627194;204704289;259398718;257110740;208511515;260446901;245965469;256269523;254828614;258797476;203620986;256476284;260479968;255625757;246739288;251384063;246739421;","1114"
0,"97850280","255940560","5","124;","1","honor","2","honor_9","3","0","1","208052050;253470827;258747167;226289988;203617609;259204270;236696177;258052828;201600234;258831418;257057417;;;;;;;;;;;;;;;;;;;;;;;;;;;;;;;;;;;;;;;","0","4","1","171183039;258396876;240310476;244353407;254688307;247826088;232040925;197627194;204704289;259398718;257110740;208511515;260446901;245965469;256269523;254828614;258797476;203620986;256476284;260479968;255625757;246739288;251384063;246739421;;;;;;;;;;;;;;;;;;;;;;;;;;","1072"
0,"97850280","245692825","5","129;","1","honor","2","honor_9","3","0","1","250691769;259008379;251745173;251744856;249772418;208052050;253470827;258747167;226289988;203617609;259204270;236696177;258052828;201600234;258831418;257057417;;;;;;;;;;;;;;;;;;;;;;;;;;;;;;;;;;","0","4","1","222019591;172981398;259915306;261004010;207179300;199228618;257329422;240971934;260670650;227158870;229090034;258680561;258684659;248405053;208169295;260565118;235855345;191564552;199591147;222258323;239497969;192192041;261001694;206373139;259418896;205475493;260800343;180777157;260695867;247556569;236814857;256962160;199558978;261032717;259024960;197981030;201165154;255792260;249676375;206771667;259016402;261113216;260322518;252431182;175808426;259636651;245798709;260835328;227617646;249586308","1018"
0,"97850280","260800343","20","1383;373","1","honor","2","honor_9","3","0","1","250691769;259008379;251745173;251744856;249772418;208052050;253470827;258747167;226289988;203617609;259204270;236696177;258052828;201600234;258831418;257057417;;;;;;;;;;;;;;;;;;;;;;;;;;;;;;;;;;","0","4","1","260695867;247556569;236814857;256962160;199558978;261032717;259024960;197981030;201165154;255792260;249676375;206771667;259016402;261113216;260322518;252431182;175808426;259636651;245798709;260835328;227617646;249586308;254301804;260422774;259418273;199770623;246535019;227118304;205138097;242602248;259161365;258153374;198563370;238729078;215262338;259662850;255940560;176699016;171183039;258396876;240310476;244353407;254688307;247826088;232040925;197627194;204704289;259398718;257110740;208511515","1072"
0,"97850280","259418896","7","173;","1","honor","2","honor_9","3","0","1","250691769;259008379;251745173;251744856;249772418;208052050;253470827;258747167;226289988;203617609;259204270;236696177;258052828;201600234;258831418;257057417;;;;;;;;;;;;;;;;;;;;;;;;;;;;;;;;;;","0","4","1","260800343;180777157;260695867;247556569;236814857;256962160;199558978;261032717;259024960;197981030;201165154;255792260;249676375;206771667;259016402;261113216;260322518;252431182;175808426;259636651;245798709;260835328;227617646;249586308;254301804;260422774;259418273;199770623;246535019;227118304;205138097;242602248;259161365;258153374;198563370;238729078;215262338;259662850;255940560;176699016;171183039;258396876;240310476;244353407;254688307;247826088;232040925;197627194;204704289;259398718","1006"
0,"97850280","259915306","10","211;","1","honor","2","honor_9","3","0","1","250691769;259008379;251745173;251744856;249772418;208052050;253470827;258747167;226289988;203617609;259204270;236696177;258052828;201600234;258831418;257057417;;;;;;;;;;;;;;;;;;;;;;;;;;;;;;;;;;","0","4","1","261004010;207179300;199228618;257329422;240971934;260670650;227158870;229090034;258680561;258684659;248405053;208169295;260565118;235855345;191564552;199591147;222258323;239497969;192192041;261001694;206373139;259418896;205475493;260800343;180777157;260695867;247556569;236814857;256962160;199558978;261032717;259024960;197981030;201165154;255792260;249676375;206771667;259016402;261113216;260322518;252431182;175808426;259636651;245798709;260835328;227617646;249586308;254301804;260422774;259418273","1114"
0,"97850280","258516871","7","173;","1","honor","2","honor_9","3","0","1","250691769;259008379;251745173;251744856;249772418;208052050;253470827;258747167;226289988;203617609;259204270;236696177;258052828;201600234;258831418;257057417;;;;;;;;;;;;;;;;;;;;;;;;;;;;;;;;;;","0","4","1","222019591;172981398;259915306;261004010;207179300;199228618;257329422;240971934;260670650;227158870;229090034;258680561;258684659;248405053;208169295;260565118;235855345;191564552;199591147;222258323;239497969;192192041;261001694;206373139;259418896;205475493;260800343;180777157;260695867;247556569;236814857;256962160;199558978;261032717;259024960;197981030;201165154;255792260;249676375;206771667;259016402;261113216;260322518;252431182;175808426;259636651;245798709;260835328;227617646;249586308","1114"
0,"97850280","235855345","7","158;173","1","honor","2","honor_9","3","0","1","250691769;259008379;251745173;251744856;249772418;208052050;253470827;258747167;226289988;203617609;259204270;236696177;258052828;201600234;258831418;257057417;;;;;;;;;;;;;;;;;;;;;;;;;;;;;;;;;;","0","4","1","199591147;222258323;239497969;192192041;261001694;206373139;259418896;205475493;260800343;180777157;260695867;247556569;236814857;256962160;199558978;261032717;259024960;197981030;201165154;255792260;249676375;206771667;259016402;261113216;260322518;252431182;175808426;259636651;245798709;260835328;227617646;249586308;254301804;260422774;259418273;199770623;246535019;227118304;205138097;242602248;259161365;258153374;198563370;238729078;215262338;259662850;255940560;176699016;171183039;258396876","1044"
0,"97850280","222019591","7","173;","1","honor","2","honor_9","3","0","1","250691769;259008379;251745173;251744856;249772418;208052050;253470827;258747167;226289988;203617609;259204270;236696177;258052828;201600234;258831418;257057417;;;;;;;;;;;;;;;;;;;;;;;;;;;;;;;;;;","0","4","1","261004010;207179300;199228618;257329422;240971934;260670650;227158870;229090034;258680561;258684659;248405053;208169295;260565118;235855345;191564552;199591147;222258323;239497969;192192041;261001694;206373139;259418896;205475493;260800343;180777157;260695867;247556569;236814857;256962160;199558978;261032717;259024960;197981030;201165154;255792260;249676375;206771667;259016402;261113216;260322518;252431182;175808426;259636651;245798709;260835328;227617646;249586308;254301804;260422774;259418273","1072"
0,"97850280","260322518","20","1383;","1","honor","2","honor_9","3","0","1","251745173;251744856;249772418;208052050;253470827;258747167;226289988;203617609;259204270;236696177;258052828;201600234;258831418;257057417;;;;;;;;;;;;;;;;;;;;;;;;;;;;;;;;;;;;","0","4","1","252431182;175808426;259636651;245798709;260835328;227617646;249586308;254301804;260422774;259418273;199770623;246535019;227118304;205138097;242602248;259161365;258153374;198563370;238729078;215262338;259662850;255940560;176699016;171183039;258396876;240310476;244353407;254688307;247826088;232040925;197627194;204704289;259398718;257110740;208511515;260446901;245965469;256269523;254828614;258797476;203620986;256476284;260479968;255625757;246739288;251384063;246739421;;;","1072"
