click_label,user_id,item_id,class_id,tag_ids,dev_type,dev_brand,dev_brand_type,dev_os,dev_net,client_type,dev_carrier,click_seq_50size,gender,age,consume_level,unclick_seq_50size,feed_type,collection_id
0,70356824,251483909,2,44;,1,huawei,2,huawei_10,4,0,1,259808222;259709468;259571591;259130500;259563145;258038489;258043065;258269026;258894580;258945677;258703946;258921210;258578457;258586587;258785428;258821672;250282923;258836459;247056044;258737861;258783964;253036837;258575673;258142268;258468716;258531032;256943271;253170538;258230013;258188397;258249544;257727420;257723962;257894195;257752183;257767820;257265653;257279329;255190472;256658604;255969486;255937512;255551288;257180029;257198440;256245856;241703408;100714626;234486637;256717564,1,3,1,204947169;238479363;171028804;187701329;247576796;250258334;255936792;191861176;175391622;236696177;182397411;182652707;168880893;113137206;124117878;203620986;200290355;242780258;250720483;239763264;176921993;255674597;183678995;256517503;251885580;191375179;191675400;161407782;202805305;188430463;197284473;183128028;194348311;181701230;210732733;203718509;239158144;255289969;197129955;250019282;254122628;247716788;243767584;206499963;238343657;128730771;253330422;252744016;239187740;231304160,1044,653
0,326527638,251483909,2,44;,1,oppo,3,oppo_10,3,0,4,254976329;204572733;257978404;254446358;;;;;;;;;;;;;;;;;;;;;;;;;;;;;;;;;;;;;;;;;;;;;;,1,2,1,258406244;257990319;250971059;243152271;94867383;197641504;243947921;190310780;239158144;250011603;241839958;234914804;207757706;245019431;244452583;241616540;181052312;241569925;257213624;250674350;255659397;253585217;197580320;238729078;247840234;241964410;252638953;257643893;244408862;;;;;;;;;;;;;;;;;;;;;,1044,653
0,36130085,251483909,2,44;,1,iphone,1,iphone_ios 14,3,1,1,232238977;253655259;;;;;;;;;;;;;;;;;;;;;;;;;;;;;;;;;;;;;;;;;;;;;;;;,0,4,0,223349465;209995003;259160638;108355084;179095999;259216643;253535271;217804846;238907157;126574670;227856986;258775738;256926330;258732811;173323044;255936792;258745833;238354922;221037559;244844964;257255952;224931264;255625757;117007388;87760840;258087139;258089411;256081757;251796933;257618930;242687939;257746485;256581278;257684826;255659397;178875294;250147551;247556569;120123264;252400104;175516572;254679362;193899399;250007686;159996233;159052358;246486680;208095658;240356204;131480012,1044,653
0,59266039,251483909,2,44;,1,huawei,2,huawei_10,4,0,1,255147702;255174388;255431334;258672591;259789279;259727887;247989981;257140056;258833182;258910465;258936630;258672308;257997379;259543892;259422239;258672157;258673356;255172357;257428662;257448423;258400285;258201844;257618992;257970162;256853823;256854483;255661111;257097503;256924397;256236782;255850936;255851084;256377628;256082242;256067749;255917252;255822828;255995182;256009152;253748392;255970914;255410397;254901656;255777458;254207520;255287362;255395363;255641239;255282473;255521497,0,4,1,258708374;199941497;256486282;244273354;258496057;244414234;220914651;259211070;258438112;240454041;257221728;255407699;148479392;257254655;252400104;229388729;255674597;249843989;194479104;256201267;195294371;176782670;249960929;196559034;254163110;254400972;240408106;254953455;214588076;252616969;247399486;99049991;245414541;251617244;189232007;208147648;201482249;210732733;220784751;251064542;246019845;248265440;244247344;251415091;242853332;242954208;208192480;169469767;250792920;251370345,1044,653
0,59266039,251483909,2,44;,1,huawei,2,huawei_10,4,0,1,259727887;247989981;257140056;258833182;258910465;258936630;258672308;257997379;259543892;259422239;258672157;258672591;258673356;255172357;257428662;257448423;258400285;258201844;257618992;257970162;256853823;256854483;255661111;257097503;256924397;256236782;255850936;255851084;256377628;256082242;256067749;255917252;255822828;255995182;256009152;253748392;255970914;255410397;255431334;254901656;255777458;254207520;255287362;255395363;255641239;255282473;255521497;1003;255042021;254815368,0,4,1,199941497;256486282;244273354;258496057;244414234;220914651;259211070;258438112;240454041;257221728;255407699;148479392;257254655;252400104;229388729;255674597;249843989;194479104;256201267;195294371;176782670;249960929;196559034;254163110;254400972;240408106;254953455;214588076;252616969;247399486;99049991;245414541;251617244;189232007;208147648;201482249;210732733;220784751;251064542;246019845;248265440;244247344;251415091;242853332;242954208;208192480;169469767;250792920;251370345;228580077,1044,653
0,59266039,251483909,2,44;,1,huawei,2,huawei_10,4,0,1,259727887;247989981;257140056;258833182;258910465;258936630;258672308;257997379;259543892;259422239;258672157;258672591;258673356;255172357;257428662;257448423;258400285;258201844;257618992;257970162;256853823;256854483;255661111;257097503;256924397;256236782;255850936;255851084;256377628;256082242;256067749;255917252;255822828;255995182;256009152;253748392;255970914;255410397;255431334;254901656;255777458;254207520;255287362;255395363;255641239;255282473;255521497;1003;255042021;254815368,0,4,1,199941497;256486282;244273354;258496057;244414234;220914651;259211070;258438112;240454041;257221728;255407699;148479392;257254655;252400104;229388729;255674597;249843989;194479104;256201267;195294371;176782670;249960929;196559034;254163110;254400972;240408106;254953455;214588076;252616969;247399486;99049991;245414541;251617244;189232007;208147648;201482249;210732733;220784751;251064542;246019845;248265440;244247344;251415091;242853332;242954208;208192480;169469767;250792920;251370345;228580077,1044,653
0,47988290,251483909,2,44;,1,huawei,2,huawei_10,4,0,2,234708451;235279558;248173813;233391037;248058078;244775112;237234446;251892970;;;;;;;;;;;;;;;;;;;;;;;;;;;;;;;;;;;;;;;;;;,1,3,1,257858069;259647559;234914804;236840610;245540146;198788268;246691502;246144358;239763264;243622728;252705040;252361657;252242403;252246875;251932715;207443914;247019451;211585238;240418024;188909093;;;;;;;;;;;;;;;;;;;;;;;;;;;;;;,1044,653
0,59266039,251483909,2,44;,1,huawei,2,huawei_10,4,0,1,259789279;258672591;259727887;247989981;257140056;258833182;258910465;258936630;258672308;257997379;259543892;259422239;258672157;258673356;255172357;257428662;257448423;258400285;258201844;257618992;257970162;256853823;256854483;255661111;257097503;256924397;256236782;255850936;255851084;256377628;256082242;256067749;255917252;255822828;255995182;256009152;253748392;255970914;255410397;255431334;254901656;255777458;254207520;255287362;255395363;255641239;255282473;255521497;1003;255042021,0,4,1,199941497;256486282;244273354;258496057;244414234;220914651;259211070;258438112;240454041;257221728;255407699;148479392;257254655;252400104;229388729;255674597;249843989;194479104;256201267;195294371;176782670;249960929;196559034;254163110;254400972;240408106;254953455;214588076;252616969;247399486;99049991;245414541;251617244;189232007;208147648;201482249;210732733;220784751;251064542;246019845;248265440;244247344;251415091;242853332;242954208;208192480;169469767;250792920;251370345;228580077,1044,653
0,7018918,251483909,2,44;,1,oppo,3,oppo_10,3,0,2,257429206;96182883;254124487;196511954;242990993;254312749;253960522;;;;;;;;;;;;;;;;;;;;;;;;;;;;;;;;;;;;;;;;;;;,1,4,0,234678257;226551160;257257982;202514299;192032017;251354995;232357359;245912290;243546184;213628431;253157355;237490754;190010307;199022251;197066619;191303626;196943120;204399230;219560355;218842233;;;;;;;;;;;;;;;;;;;;;;;;;;;;;;,1044,653
0,70356824,251483909,2,44;,1,huawei,2,huawei_10,4,0,1,259130500;259563145;258038489;258043065;258269026;258894580;258945677;258703946;258921210;258578457;258586587;258785428;258821672;250282923;258836459;247056044;258737861;258783964;253036837;258575673;258142268;258468716;258531032;256943271;253170538;258230013;258188397;258249544;257727420;257723962;257894195;257752183;257767820;257265653;257279329;255190472;256658604;255969486;255937512;255551288;257180029;257198440;256245856;241703408;100714626;234486637;256717564;254118251;256179143;256153896,1,3,1,187701329;171028804;247576796;250258334;255936792;191861176;175391622;236696177;182652707;182397411;168880893;113137206;124117878;203620986;200290355;242780258;250720483;239763264;176921993;183678995;255674597;256517503;251885580;191375179;191675400;161407782;202805305;188430463;197284473;183128028;194348311;181701230;210732733;203718509;255289969;239158144;197129955;250019282;254122628;247716788;243767584;238343657;206499963;128730771;253330422;252744016;239187740;231304160;241406107;184833637,1044,653
0,13118719,251483909,2,44;,1,redmi,12,redmi_10,3,0,4,243231814;61356116;61554656;207759359;62902709;241982434;228284385;172671768;97752521;244443834;110064147;182200675;80966080;40146910;114624975;91235010;32617679;236829596;87158011;191234311;239987503;231589434;72480641;101353130;81118744;126621223;196294500;225542494;;;;;;;;;;;;;;;;;;;;;;,0,3,1,231341776;252616969;245249787;163041228;222771651;229824014;108087863;190807905;211834116;216013189;242810837;138192809;240295114;248764176;217568194;225001033;247674959;226512243;200153408;227351391;236901328;236793582;146736379;237633219;251359079;247964684;210881081;180777157;221821217;190675564;197025819;205581653;125418802;207859130;208108862;206172597;199501893;191928755;194153084;;;;;;;;;;;,1044,653
0,13118719,251483909,2,44;,1,redmi,12,redmi_10,3,0,4,243231814;61356116;61554656;207759359;62902709;241982434;228284385;172671768;97752521;244443834;110064147;182200675;80966080;40146910;114624975;91235010;32617679;236829596;87158011;191234311;239987503;231589434;72480641;101353130;81118744;126621223;196294500;225542494;;;;;;;;;;;;;;;;;;;;;;,0,3,1,231341776;252616969;245249787;163041228;222771651;229824014;108087863;190807905;211834116;216013189;242810837;138192809;240295114;248764176;217568194;225001033;247674959;226512243;200153408;227351391;236901328;236793582;146736379;237633219;251359079;247964684;210881081;180777157;221821217;190675564;197025819;205581653;125418802;207859130;208108862;206172597;199501893;191928755;194153084;;;;;;;;;;;,1044,653
0,5110777,251483909,2,44;,2,ipad,1,ipad_ios 14,4,1,4,250937797;256994290;255816947;204572733;254871975;251757058;;;;;;;;;;;;;;;;;;;;;;;;;;;;;;;;;;;;;;;;;;;;,0,4,0,245360707;239911909;216659484;254755174;172417153;247130143;139157805;230893494;156912158;256296906;258711726;194698339;244134456;259036228;242168196;200133567;259323816;242551266;205809193;258694643;254186107;251602952;247324930;252357358;258653512;246664990;252807203;233049167;197800705;255112247;159065563;232024000;201919825;202590044;250193144;201329896;100269222;254679362;248458632;228568970;239763264;128593826;174988528;116352548;195071894;199396059;197108360;254171697;92591334;108801486,1044,653
0,29538894,251483909,2,44;,1,honor,2,honor_9,4,0,1,259633858;240168518;257981912;258005102;83377887;187502560;88076034;253997581;;;;;;;;;;;;;;;;;;;;;;;;;;;;;;;;;;;;;;;;;;,1,4,0,258290678;258905455;258174062;258108143;259543650;196004225;181871922;181032126;218170764;216022980;215477288;203012504;257963188;243861621;227118304;149349965;222661073;235940936;145231363;243517556;249869452;252844561;258015801;252616969;200910805;178453432;258320893;143788048;255674597;200677051;248004639;251201424;109225163;242742860;172685650;244701535;246144358;105868046;246691502;181237486;157411590;243962838;203710639;243104072;237498862;245654577;243875134;;;,1044,653
0,66585150,251483909,2,44;,1,iphone,1,iphone_ios 13,4,1,2,252430835;253459752;250788209;257287126;253819304;248677839;250993578;96182883;164401091;258127704;258315938;258768011;206478777;210282783;257801509;207400122;255324493;238995099;138156474;138159049;144835581;152703000;115364797;117986121;164249268;;;;;;;;;;;;;;;;;;;;;;;;;,0,4,0,238338331;205464305;84938006;208350045;208529186;145929277;208580471;207851471;148920959;231668824;247556569;209725650;203821017;208036424;258799872;235092722;240696785;251608277;252395419;210330017;254020280;235734815;226493983;256926330;222661073;210707886;243517556;257883066;227319250;247686316;246090071;247927223;238910241;129649696;131479570;207865650;209886006;212242127;149793196;246623914;251883693;247788096;197103419;234424601;127481122;251746585;253066160;245391597;245313110;175627717,1073,653
0,81007138,251483909,2,44;,2,ipad,1,ipad_ios 13,4,1,4,173974917;260853170;260504061;260612977;260294924;260055410;260489204;260584028;242633820;260486353;259863310;259828834;258773021;259224919;258174062;253459752;208184228;193912555;249785146;240218785;215770462;246144358;256287076;237243937;242228166;247085620;250030651;254955471;229612327;247904251;191579213;259581351;258789649;196321496;234030136;171706059;225162650;71153448;241834811;252924232;222238786;258025639;258819181;246986634;258878495;249643168;173979279;192121367;192072014;225178727,1,4,0,257996889;224907967;202998181;210964660;178450142;257305374;230903583;206439077;259662850;260822520;260851615;226497648;172981398;217998599;193837227;257796752;234914804;218175451;240266248;258680561;176864874;256269899;193298302;255940560;259986244;248173113;247448865;252431182;235278332;243270425;233659846;249969825;196112267;254679362;254979393;258711550;259204270;259360804;259035509;258774511;259034747;258290678;258769095;228914896;211754497;258108143;214143771;222412640;164473302;248133853,1030,653
0,31191297,251483909,2,44;,1,iphone,1,iphone_ios 14,3,1,3,112842224;247692574;194645203;118649225;234681230;242861465;255864996;238310402;202234455;94603825;167382105;176548274;239104977;240732529;203258543;168407789;255767328;236957119;250750935;252872972;244880580;241701310;40216022;70512266;119806014;119514637;189785496;150707644;107485514;99582276;259051310;251586844;174851367;177673273;180649471;240252449;260621738;259986244;257553519;236224723;256880946;256735507;255901065;255118066;255073101;236037550;253204099;252891468;204169254;241340532,0,3,0,191392013;250660309;200626763;260354910;180458139;215052065;181388343;106455810;259008379;176014316;256581208;177735305;241308895;254900478;250147551;255674597;207521326;184973031;252400104;232175511;216582616;251796933;244595240;236793582;241582921;248458632;253146206;86842455;245215417;239787466;182886422;249725779;251370345;187809439;218846734;167640756;242512178;246058347;187682658;199552344;215380498;197855936;133433776;192190150;235659388;188919902;179119945;131478975;198381330;237449009,1044,653
0,73183574,251483909,2,44;,1,iphone,1,iphone_ios 14,4,1,3,257146155;259519425;259475600;253972857;246088312;215245773;119361107;255368753;254000935;103918428;112715232;223401129;155885647;224790782;232267136;255171974;173928431;239698504;248820553;228161734;224979522;231124404;231435444;239282344;241674836;241783286;244777506;245117713;249445861;252851770;255350166;215201499;215016650;254013819;254572999;255029522;255048997;244370569;247976538;253187062;253953577;221571722;155061015;213992457;214059620;127917216;138573160;100938559;242407101;253996463,0,4,0,247622205;207387126;199501893;250815683;218804106;215192736;257313341;239202361;252844561;109077905;258350488;221123388;249723161;254703849;251796933;256507401;215748499;255396644;255144392;199117433;206521278;237338109;182999117;254679362;254986969;116071361;255796075;256773285;214058351;234914804;257463810;206794135;245268596;188919902;251885305;242265177;190083809;255659746;229090034;222661073;194869207;245755803;242253202;234678257;227118304;242850434;184973031;241306191;245657003;246885141,1044,653
0,65957049,251483909,2,44;,1,iphone,1,iphone_ios 13,4,1,1,169356597;172331414;155745253;189547706;209350687;232679383;115623680;236901328;248699146;;;;;;;;;;;;;;;;;;;;;;;;;;;;;;;;;;;;;;;;;,0,4,0,222463944;200626763;244853023;204717592;205484365;242069700;215297007;205021736;125923223;194867439;251028848;257767240;163571943;248330934;210543123;245392898;207911020;198381330;195193765;196814717;253981518;244977601;232357359;222689335;244586312;247029453;236793616;252616969;179250430;201600234;231341776;199791782;197247314;216834142;180684528;177515974;200455453;245655269;199542712;226191932;235420003;248220458;190500938;207263286;239763264;198693915;246144358;195836688;240602810;244973959,1044,653
0,60580648,251483909,2,44;,1,oppo,3,oppo_7,4,0,1,259202752;259232961;259256955;259214517;259124256;247267076;231190221;191333700;232170543;253743871;258933061;258980210;258972463;249521267;258011238;173982928;192593459;194014290;231923292;258682828;163518522;220575153;194707427;258672612;258700112;258443883;258542910;258355671;258387130;258355649;258352279;257986143;257852180;257995198;256749239;248530391;252034405;248830891;249965933;250687248;60029840;257717372;257692604;251039341;251574823;251657859;251872918;253872787;254352366;256365365,1,3,2,259214804;259207145;190682493;259209038;179886846;247985739;194321138;166009443;202106039;240437467;258340019;245780733;258429621;193862585;193178616;251292854;202741847;217733900;258881618;225144541;230811391;251752474;207617098;243865466;247028911;247557744;248173113;193944849;258965858;258967252;244884773;198844603;117357223;241812700;198148852;201661806;192748063;113561508;218916237;241292754;258941710;239595728;214709852;258907759;256014431;241909731;192346161;212508207;237319580;212138483,1018,653
0,170290537,251483909,2,44;,1,huawei,2,huawei_10,4,0,1,259132482;258690464;258794266;255982932;258049196;258174118;258122378;257557267;236317795;239650313;239975433;244348399;246220068;246732327;250261965;244723856;242253790;242251739;231148828;244903133;245952694;247327397;247851032;246265386;;;;;;;;;;;;;;;;;;;;;;;;;;,0,4,0,204757135;206172597;109914647;201233010;237035130;240291905;246865007;198381330;259230868;180059859;242330545;254703849;241839958;190458049;188478507;167116633;231341776;200111011;152453202;255674597;235659388;177566249;215369748;218935057;244013297;245597521;179119945;239763264;193777353;241927142;240052364;254382199;252867136;252616969;131084218;247244371;193336715;212156493;197855936;252537383;202352660;205464305;246144358;194530408;236840610;215748499;203012504;189089791;229308173;233639712,1044,653
0,81064944,251483909,2,44;,1,iphone,1,iphone_ios 13,3,1,1,208036424;208351471;252011853;250732311;251586464;254800368;251476639;241789887;253459752;250788209;;;;;;;;;;;;;;;;;;;;;;;;;;;;;;;;;;;;;;;;,0,2,0,204956551;208350045;208105927;115794023;209725650;208629743;145929277;225552215;256507401;257507765;246983657;236193287;241932635;250822595;250345949;250354206;235320924;252664238;242853222;250950003;250515204;231341776;197525003;204051665;239443855;250706921;251762938;248568397;239787466;242608116;237610981;;;;;;;;;;;;;;;;;;;,1074,653
0,68890882,251483909,2,44;,1,huawei,2,huawei_10,4,0,1,259013206;257561282;255533579;251631185;251156041;251101611;;;;;;;;;;;;;;;;;;;;;;;;;;;;;;;;;;;;;;;;;;;;,1,3,1,208125055;251461262;258914123;221361088;153773856;235940936;247666987;188212209;203496056;258906927;236224723;247557020;244035749;237035130;232357359;249963376;237433069;167116633;249723161;236696177;252400104;255674597;244996004;252616969;239043623;235559778;232430942;235734815;219166716;;;;;;;;;;;;;;;;;;;;;,1100,653
0,81490142,251483909,2,44;,1,iphone,1,iphone_ios 14,4,1,1,255948114;251156041;;;;;;;;;;;;;;;;;;;;;;;;;;;;;;;;;;;;;;;;;;;;;;;;,1,4,0,243107964;248666459;259047125;224800577;255067028;237035130;250202744;232236621;198453092;225085599;241996022;252337068;248598118;214720391;232842327;247949944;235734815;258508455;186644408;198381330;255985880;248420130;245021494;180056246;243525728;189560101;205446460;88445650;249617948;249859322;236696177;185781219;252253311;207024288;167640756;248666554;250313065;244991840;129300922;249869452;257376915;238729078;232065116;236793582;177735305;250685557;184973031;252400104;177869560;255947865,1100,653
0,30640146,251483909,2,44;,1,iphone,1,iphone_ios 13,4,1,3,196349767;218180567;165585642;236161814;227118304;259013206;258819181;153626143;159398958;163586786;187534541;245559518;246743909;80555956;127808178;149098844;186709401;207027030;249549833;148907865;257327823;255007463;;;;;;;;;;;;;;;;;;;;;;;;;;;;,0,4,0,252044773;200870960;79713963;253399592;151742681;240066140;254140570;199501893;207632721;123940206;249869452;133582731;225882655;204169254;221627653;236840610;234935055;237035130;239763264;244996004;237027731;167116633;191338871;175638597;149349965;146736379;180051259;168408723;197457668;230363963;204232653;232459733;231341776;171331054;237338109;248931715;215748499;249673631;243049326;247687065;248633183;245785622;223091892;244701535;242742860;242493319;246691502;243858406;245319790;202352660,1044,653
0,17321541,251483909,2,44;,1,iphone,1,iphone_ios 14,4,1,2,258235761;257315530;256332765;253851040;254764696;254743557;254558321;247529164;249546948;249895687;239136878;252697742;241340532;252648595;251296224;;;;;;;;;;;;;;;;;;;;;;;;;;;;;;;;;;;,0,4,0,230827447;127282212;191635377;235409999;254837085;254536012;221008653;251582980;235176407;257808504;239763264;243907219;207889439;237853047;216546327;204738323;250720483;176374796;220508269;200329080;190585772;205122546;192346161;205446460;214213991;251854922;175516572;226551160;240007441;170951276;114071113;201336966;250155178;247484566;134800071;256921005;243830918;246616853;243381240;204232653;243940141;192407922;240386293;176065964;162835626;196830348;253373686;202913120;222898892;254923155,1044,653
0,21304953,251483909,2,44;,1,huawei,2,huawei_10,4,0,3,214546653;257366549;136009097;259439688;258914123;255481920;257849619;249229133;250513511;259071753;258874593;258887135;258966866;177671603;241656859;258408803;250314135;257313341;225343931;197641504;258839672;258809690;200156532;228225927;257162117;256398693;140488727;258685806;258432669;257802302;258011526;258146552;258126242;257829129;202514299;256926330;258173707;257255952;200519326;255625757;211398379;257507765;207771722;253419421;257213624;257684142;257337090;215369748;201523895;113782540,0,2,2,151451358;258905509;243409241;247921618;232463295;235054900;201037172;259211553;259170536;248666554;209452222;203283063;250340416;259332137;162797533;247974832;208346560;259368766;247027693;240971934;132415143;155752690;250577454;243180470;244413742;138319525;237643371;258789801;84045982;200670118;226615245;258541711;254355137;230254664;242374527;253973855;234385842;259315240;258905455;236922732;143829207;241394328;190744632;241964410;218393485;259236267;203496056;147484043;200343988;231749482,1072,653
0,23245924,251483909,2,44;,1,huawei,2,huawei_10,4,0,3,202111101;259165945;257968349;256915667;255659388;256539894;256265220;255170153;255252266;254280136;247413321;253618198;248288665;251917172;251613163;251643992;251679934;248310813;;;;;;;;;;;;;;;;;;;;;;;;;;;;;;;;,0,4,0,257806987;256150957;249610143;254022333;185011713;257832034;99732776;256582700;256928613;150440051;252400104;201648874;250314135;214708082;251614385;245626163;252616969;176632593;250154158;233628808;125553773;185102126;175156806;223163224;247268716;252977632;231304160;209850369;244005703;157670104;247798148;227118304;184327971;230316232;232505826;183002336;251430433;244364276;234099627;239696478;247446314;237035625;240188345;250568086;239158144;199087334;236305636;220403584;241306647;106837021,1044,653
0,40392913,251483909,2,44;,1,iphone,1,iphone_ios 14,3,1,1,147434556;261668756;261723788;261711001;260729519;261639318;261636214;261570606;261707449;261279325;261385476;249038916;261440897;261757600;261574702;251142873;244297911;253816976;250642045;;;;;;;;;;;;;;;;;;;;;;;;;;;;;;;,1,4,0,234950591;213392820;233016436;157754481;219775893;215317807;255377154;238729078;209888907;255934958;176522202;206684536;245394670;191137436;246865529;204051665;167116404;184424686;197542467;207862982;208061123;239158144;243235223;250727345;208527299;227118304;199086511;260247651;116071361;188212209;188232310;246983002;168408723;260179900;224611205;200111011;234385842;236990721;252044773;199250159;203620986;143788048;192376571;163622611;253987920;239763264;249689809;239787466;246058347;254807939,1044,653
0,55151527,251483909,2,44;,1,huawei,2,huawei_10,4,0,3,257993011;260086954;261259450;246507084;259742055;261702956;261710843;248406471;255574486;261533598;183135341;248072889;261525304;259369896;261052822;261522965;261116714;257822863;258518215;259913285;260196271;260657790;258409210;235249637;261426655;261463694;260883282;257472460;259458127;261360504;261362873;261365015;260608708;261169183;261274188;261281966;261243035;261223897;261233578;229708383;259599305;252345998;260853170;261122715;259003127;201947344;260727813;261114959;260955149;256597312,1,4,0,205951999;261532956;182999117;261505738;261344661;261372640;260733925;217270054;259505026;261359990;247265580;261128898;246022762;247087597;219329557;258909833;177563222;206464531;261125631;211609292;242248203;234905400;261138353;202844943;251473616;180895487;208599855;261236021;260830298;261195389;261365663;261232900;260436155;246865529;237314646;261222015;178892321;260800343;255974443;260906107;259350491;261207430;260420450;260698781;260314556;239305581;251954754;259161365;259024960;258767934,1080,653
0,11998597,251483909,2,44;,1,huawei,2,huawei_10,4,0,1,257618930;;;;;;;;;;;;;;;;;;;;;;;;;;;;;;;;;;;;;;;;;;;;;;;;;,0,4,0,242037265;261617055;201873404;252984433;244573405;245215417;193630093;243512472;244092771;246864522;204757135;246144358;;;;;;;;;;;;;;;;;;;;;;;;;;;;;;;;;;;;;;,32,653
0,62639417,251483909,2,44;,1,huawei,2,huawei_7,4,0,4,259516125;255674597;257277629;194790951;195682828;226419852;237516458;240775076;256106168;255933738;32518978;36616988;242963404;38000431;36303007;255793090;255781265;255766088;233986044;198364781;52490224;255402475;251328944;255252951;255283179;255405685;200687485;;;;;;;;;;;;;;;;;;;;;;;,1,4,2,224611205;247264552;241839958;242330545;251077412;249723161;229308173;252844561;252253801;232430942;237929039;204232653;248220458;240052364;250733290;244573405;237226502;197528003;220951384;188212209;245275550;201039531;241727839;250689426;246564568;243517556;241548132;245785622;124689456;207839477;203468771;205446460;215748499;227346078;250393853;224512104;230363963;238729078;214194467;245135161;240788412;201720616;233826164;250515359;146736379;232459733;234914804;243858406;174466200;200229918,1044,653
0,78980271,251483909,2,44;,1,huawei,2,huawei_9,3,0,1,1003;255903562;253067812;252807395;252559708;252045722;;;;;;;;;;;;;;;;;;;;;;;;;;;;;;;;;;;;;;;;;;;;,1,4,1,248458632;232357359;242180523;129655366;249615103;237026739;259612687;198984631;241929832;205464305;236630664;182999117;215748499;252616969;248523426;251828659;239763264;231341776;248683859;;;;;;;;;;;;;;;;;;;;;;;;;;;;;;;,1044,653
0,326527638,251483909,2,44;,1,oppo,3,oppo_10,3,0,4,252182557;254976329;204572733;257978404;254446358;;;;;;;;;;;;;;;;;;;;;;;;;;;;;;;;;;;;;;;;;;;;;,1,2,1,257842550;259662341;258406244;257990319;250971059;243152271;94867383;197641504;243947921;190310780;239158144;250011603;241839958;234914804;207757706;245019431;244452583;241616540;181052312;241569925;257213624;250674350;255659397;253585217;197580320;238729078;241964410;247840234;252638953;257643893;244408862;;;;;;;;;;;;;;;;;;;,1044,653
0,2909445,251483909,2,44;,1,iphone,1,iphone_ios 13,4,1,2,242425775;255294153;135074525;166448087;210005658;117689012;92833704;249760546;252167065;252045722;190767629;202881261;251158455;251095732;;;;;;;;;;;;;;;;;;;;;;;;;;;;;;;;;;;;,1,4,1,242780258;146736379;255674597;223740591;239370512;204187659;251077412;126296717;245261163;248665330;145929277;204169254;246518491;237607598;203012504;241527149;193292502;158645419;250075479;244035749;114908822;236794260;227507471;232538589;245655269;182886422;235734815;245756575;251461262;245540146;246144358;252616969;249956601;253826432;246448175;244586312;252148586;239117322;233349661;247264210;239787466;236630664;251881647;250515204;239443855;239763264;147386057;125923223;123489332;235834325,1101,653
0,47916303,251483909,2,44;,1,redmi,12,redmi_10,4,0,4,258840522;259071753;15756476;182812541;68280154;8348415;247799617;239447942;117100591;101311826;256493475;96317130;86830883;249767230;72869707;255724878;243087247;58957481;258513234;258826004;258848587;135451736;1552172;198971443;258797146;258651252;258419335;257989088;258108220;196947675;257825872;258594134;258571688;257134779;196477631;258229024;258406526;258495801;242970296;258335517;238281848;257874753;258177882;186908996;115141316;258115410;258340019;250933939;256680344;258322801,1,4,0,251688361;;;;;;;;;;;;;;;;;;;;;;;;;;;;;;;;;;;;;;;;;;;;;;;;;,1104,653
0,66543946,251483909,2,44;,1,huawei,2,huawei_10,3,0,2,261477714;260612977;260721801;260412173;260343421;195933951;177735305;232210725;259818650;259416422;258521963;259389240;259209906;1003;258133861;73925529;149249324;83845537;88894099;139109874;201251838;143229025;152866381;27582610;258970066;258381792;259069021;83908416;142304193;202726247;258448051;257545615;258163642;23962547;587225;258240692;201708254;256496225;83398695;257390715;257761528;209164341;256870305;257144554;89915388;94976769;256281939;20081581;51387036;257422292,1,3,0,247399486;250727345;245261163;188073371;218444849;158785212;246739288;259780514;221281332;240535478;231295576;257796752;256506210;172417153;244518322;260100653;252571947;250724328;242610953;260442239;234136141;246739421;176593098;260132850;253419421;247148848;259535555;239158144;258174062;238527325;258774511;177108145;257441258;259518900;259588739;250230256;224150676;256408381;250575387;192554246;254269261;200892540;259048562;240437467;242374527;258951228;231785018;251384063;251370970;119670304,1101,653
0,18110933,251483909,2,44;,1,iphone,1,iphone_ios 13,4,1,1,242789420;241114412;237829058;240160359;241650629;243600292;248947220;256864543;258603345;259118249;233518169;236520557;261478779;172805509;209867503;211078150;213262644;214444807;216073002;221770859;241982269;260143872;259725089;257919257;254931011;47980031;255209538;57682278;254924318;254489052;254489666;207985392;;;;;;;;;;;;;;;;;;,0,2,0,208293704;235741998;164198012;260282650;254409940;227864633;232299614;261249638;260142802;242641651;192237264;217340273;212892295;248182341;124596533;255354311;244917988;242602248;257796752;251384063;260870560;243470742;261341024;243360072;207399517;252267851;254697631;208278613;242991596;250889861;244694947;212137365;261069340;195688246;261350901;192918515;254833989;167128944;213266963;188048607;110273917;234078762;193043589;247759038;197256926;260404965;244340517;243402638;177430159;255896431,1102,653
0,22724631,251483909,2,44;,1,huawei,2,huawei_10,4,0,1,6306505;5115593;4982072;29412772;126303557;153695996;155793530;166933784;261550214;211526782;198472387;192360292;69480520;33107792;103971806;116854485;257401885;;;;;;;;;;;;;;;;;;;;;;;;;;;;;;;;;,0,3,1,260830298;236696177;194383091;198788268;257341030;201411203;222119979;256685939;257269500;219983364;217914304;;;;;;;;;;;;;;;;;;;;;;;;;;;;;;;;;;;;;;;,1044,653
0,75061724,251483909,2,44;,1,xiaomi,5,xiaomi_10,3,0,2,258993937;260777876;205538993;227418794;138139735;191583583;244615801;254334155;258868629;248121419;243839000;241596341;250085636;2895777;8899911;123757621;45263903;245209500;227997778;234620936;195316711;253452949;258544241;249690407;250634266;256939941;210893172;251167861;247301976;217522004;228163310;226530875;224919864;210030240;212218248;214129531;209494462;209137994;;;;;;;;;;;;,0,4,1,261182574;259161365;249915686;245001987;198014194;224679368;253328175;149810151;250040109;204402857;150288451;181713483;231555282;247957931;250593769;175252465;259981535;235540285;179791539;222083299;198687019;127595087;253313022;203496056;258294057;255936792;215262338;236793582;256773285;248330934;233049167;252591089;251610471;195588506;251271401;251215604;252253311;250629178;242752668;253546362;247716788;252655722;252695423;239529962;251077412;250263337;235320924;233914422;250816223;239021681,32,653
0,6081975,251483909,2,44;,1,huawei,2,huawei_8,4,0,3,170983312;254786219;178212383;260504061;260490839;260393984;258127600;251931196;257459361;256684716;256964812;256939941;241962260;256644455;256548178;256526328;256153454;256206330;256206903;256211429;256224920;255941983;255597301;255341207;215847478;253128765;251554864;;;;;;;;;;;;;;;;;;;;;;;,1,3,0,261531168;250727345;260440795;259458118;259458811;261079166;259045902;254301804;246413390;226166526;194238904;199531960;184133135;259986244;260656960;239679775;202493609;203617609;181199634;255563485;253023979;253429477;246739421;213874306;260446693;155308459;240063306;206123781;128593826;115081422;260304883;257437539;259715847;260109005;158762886;244986405;255661693;249842652;260213271;260070881;255995495;203084674;176048526;223303051;244030553;258362979;182278136;258541711;256161603;219981601,1101,653
0,10176885,251483909,2,44;,1,honor,2,honor_10,4,0,1,163718967;181502588;172962592;163660832;86401685;106722953;88133765;192085756;193969725;254128576;257851871;254990976;192189604;163720836;256119195;;;;;;;;;;;;;;;;;;;;;;;;;;;;;;;;;;;,1,4,1,223892310;213138018;193158762;258417501;239826252;252262423;146746279;234027050;260127587;254255269;250374277;248666218;158656531;213480791;247790013;226065739;176921993;246817048;260399884;220992342;119591030;240223358;259329362;228688458;196915037;260733108;258606499;169682347;178285885;200704375;238547494;238475677;240588596;255686087;148352927;121624296;255846443;194652052;191787927;253051400;259546738;244607649;260050410;191873415;192186512;232029132;226645435;259563544;224637692;218895392,1044,653
1,59086198,251483909,2,44;,1,honor,2,honor_10,4,0,1,250510976;149810151;260651976;141931037;177424510;198962746;200220672;229823610;200584875;65787080;255398969;245336577;200248923;245376986;200235319;25848197;75990431;200228611;140491418;614831;200311178;2391221;200279523;;;;;;;;;;;;;;;;;;;;;;;;;;;,1,3,1,255105948;133741482;261209893;200180332;207238967;249868307;249860282;232909402;239763264;;;;;;;;;;;;;;;;;;;;;;;;;;;;;;;;;;;;;;;;;,1102,653
0,7324650,251483909,2,44;,1,iphone,1,iphone_ios 14,4,1,1,261550990;239625605;250986978;250719528;120703028;74702399;40088194;260504061;256252651;259458646;259539922;259308701;258510513;257879847;71929025;257171666;195075724;195801858;256115332;253155688;254331498;253393423;253777142;253717554;207663524;;;;;;;;;;;;;;;;;;;;;;;;;,0,4,0,257937211;250987665;225153185;221036829;257819129;257964288;261375731;260162217;194146958;217914304;261182574;201208325;253413186;212484304;224238320;249725977;248828919;229649308;192887083;254867678;210244829;261134230;247260494;197791165;254424881;176176964;261262562;260842984;261241783;253962400;261511659;250727345;249649662;253676744;246579225;254882570;261606065;249987974;243659645;261566792;252694495;162623139;257884828;252002861;261529606;244188291;261588234;206086494;259980799;252557326,1080,653
0,6081975,251483909,2,44;,1,huawei,2,huawei_8,3,0,3,170983312;254786219;178212383;260504061;260490839;260393984;258127600;251931196;257459361;256684716;256964812;256939941;241962260;256644455;256548178;256526328;256153454;256206330;256206903;256211429;256224920;255941983;255597301;255341207;215847478;253128765;251554864;;;;;;;;;;;;;;;;;;;;;;;,1,3,0,261531168;250727345;260440795;259458118;259458811;261079166;259045902;254301804;246413390;226166526;194238904;199531960;184133135;259986244;260656960;239679775;202493609;203617609;181199634;255563485;253023979;253429477;246739421;213874306;260446693;155308459;240063306;206123781;128593826;115081422;260304883;257437539;259715847;260109005;158762886;244986405;255661693;249842652;260213271;260070881;255995495;203084674;176048526;223303051;244030553;258362979;182278136;258541711;256161603;219981601,1101,653
0,15849996,251483909,2,44;,1,iphone,1,iphone_ios 14,4,1,1,258621540;250147551;92591334;256474934;255505857;257649831;248226620;256454232;251473616;239763264;244932771;257553519;152903532;253700541;136235032;192536167;204622315;209804377;234107911;238019073;243142292;256295410;163176158;256687602;255043413;255958920;251780056;134404922;256425766;128708549;75548988;175300698;178186065;105778945;103639879;129978493;163028684;246086091;63053820;179475997;195592292;195790432;204175985;214508380;230340352;255903562;125119252;253889395;255955196;119804104,0,4,0,203851703;240971934;245744101;253498742;261463177;260422774;239158144;240266248;219042889;258290678;107112436;249723161;197309605;255936792;251384063;168408723;243641132;247264552;256507401;251796933;257744387;248665330;254876531;249617948;256438613;254547950;257414716;253795523;256276637;252783171;252638953;246398528;256528766;201716160;116071361;243451150;219919538;146736379;178143721;213193427;257359293;254679362;255796075;257520243;257293544;256973340;254738350;247509532;254862836;210771400,1101,653
1,504955,251483909,2,44;,1,huawei,2,huawei_10,4,0,2,262058560;259208677;259861013;260060176;260136999;260403532;260579500;261085239;261480705;203578484;261699547;194465737;261487467;261696142;261524798;261228343;260731403;261008301;261249940;261370218;261713031;261368782;260913753;194129919;261606417;255902245;260841219;261346805;261234269;261695524;259526325;261061621;261534394;256641002;260282552;261044692;261134252;261228267;261358096;259857124;259413305;259504012;260264541;260633784;260812572;74858480;167551435;228568241;250532334;261410647,1,4,0,261728950;261362899;68749154;247140794;173374785;237087779;233916348;261093685;237486901;261532219;261452473;238729078;261162182;203581216;221281332;203739068;224611205;261535560;167216397;259742055;260176693;259675893;260830298;191715925;260936441;257837441;260794703;165802739;260111918;213213589;207029129;261303335;206901175;260685892;206245936;188145069;238168254;193363485;209965688;225025028;205764510;261441049;182031739;210577535;261272833;261398285;72037438;261308782;57727370;260285443,1102,653
0,7787610,251483909,2,44;,1,vivo,4,vivo_10,3,0,4,259611128;227571898;232733099;258596605;244945285;245704281;247593224;248019837;241670659;241685474;242121793;244368310;247344222;257908829;258242312;257869195;256795344;259494226;259269408;253950106;251850090;256889257;253758719;255827783;256804793;257637257;257616458;232153657;254921287;;;;;;;;;;;;;;;;;;;;;,0,3,0,260422774;207463376;246221802;254703849;248150912;247921618;255524280;153915136;247826088;200022980;233049167;175921830;213961765;239158144;175848710;107480286;252400104;255674597;243482600;201896724;252616969;251729054;246564568;153498669;241727839;245135161;242842945;234851640;194530408;238326412;250267284;242548048;249973981;250463482;244573405;200677051;192175498;171331054;247939273;;;;;;;;;;;,1044,653
0,101938276,251483909,2,44;,1,iphone,1,iphone_ios 13,3,1,2,20143283;62690958;19382152;19508245;20845729;21961948;49094785;50402360;50971128;52375831;251726881;52767085;49213996;196222782;197027025;197358757;199646657;201011186;201999811;206550999;207418914;5776745;6956695;59083867;50337077;38226048;66795608;258699400;85675286;20953902;104004363;93496212;62595682;100940800;196585182;26987485;62412212;177289367;197129010;170017710;193065749;193068263;156570486;120773364;120572080;17996038;160856985;185185279;186105341;119487516,0,3,0,261789204;259604589;261531168;146845757;225011954;261521893;225875217;200567265;198963055;261025973;257807511;158009677;261267183;261401741;260559037;256134458;261363632;261424044;260727717;261586599;162692785;261223392;260299281;196816303;227118304;156684285;248523469;259272490;260830298;223351307;242168196;260075473;224534868;187045618;252760021;188232310;180942642;216579173;260699487;251614558;230511069;260062221;260672958;221644651;249868307;256049785;260043853;260300941;239539472;222360750,32,653
0,49326990,251483909,2,44;,1,iphone,1,iphone_ios 14,3,1,1,262056559;261973309;261182998;261159141;260960860;260197544;260168323;256220004;254454378;254440590;249277689;254400441;254273197;;;;;;;;;;;;;;;;;;;;;;;;;;;;;;;;;;;;;,0,4,2,261526302;227118304;261463177;261135332;261346550;251881265;199392857;261041473;261115331;261000893;261303335;261127786;207805042;254604762;160338127;260156488;238493880;192916409;230488186;251217844;259915306;185770450;201960883;239155003;245384028;250725595;260354910;185816232;259988690;203793055;246628783;201040184;247591168;210324388;182498146;185711651;238729078;230903583;260179900;207558074;259035509;258590302;198788268;208354708;236696177;250378777;259360804;259032650;259034747;258177708,1044,653
0,33307946,251483909,2,44;,1,huawei,2,huawei_9,4,0,1,253459752;246739421;249725779;240886655;254602564;256654870;255564835;232430942;255492508;254870377;254749041;254139636;248727782;;;;;;;;;;;;;;;;;;;;;;;;;;;;;;;;;;;;;,1,4,0,204462514;117004160;260422774;259780514;252616969;239763264;255674597;115507860;232357359;200677051;234315834;250079355;226435833;237035625;239562721;205332955;205446460;234914804;220951384;248896661;;;;;;;;;;;;;;;;;;;;;;;;;;;;;;,1030,653
0,290431661,251483909,2,44;,1,iphone,1,iphone_ios 14,3,1,3,259981535;253649301;256600326;1003;231785018;103023496;255982238;23219127;126890927;192573069;179140025;124643091;255623135;69322263;188775979;255814850;255820966;255817708;255812391;;;;;;;;;;;;;;;;;;;;;;;;;;;;;;;,1,4,0,250691769;252684199;235400895;176591246;244408862;260932404;228716240;239677405;240266248;208145700;252431182;238881024;245965469;259908063;248173113;252616969;258773021;223750010;253498742;177735305;247448865;227345968;205484365;232065116;108374789;251384063;207386196;235284737;214042459;172981398;251893907;248330934;239763264;192949654;195588506;256083674;160160915;254900478;257418634;255674597;247716788;182999117;252400104;247085447;232357359;243482600;246739421;253585217;254127154;255104996,1104,653
0,9945181,251483909,2,44;,1,xiaomi,5,xiaomi_10,4,0,4,251468496;247428115;247113591;251395533;251464147;250010453;248577504;248818876;247537034;247969801;250544617;249568284;251886619;255889410;255595696;256424974;255157807;255092520;253722914;248946735;259816045;256547713;259518720;260894914;260956837;226795203;260172983;260818448;114183145;226766866;260637050;235558534;195567489;9987243;135584364;195467588;237700925;19048986;5022564;257159295;205683919;56332388;246829500;201499404;252226833;247230520;251901020;174190878;252519769;201017750,1,1,1,250727345;209850369;182153274;222359301;175156806;176632593;180056122;220533380;249599599;157670104;224948868;257368015;180056777;149926063;234792802;164102007;151951959;133741482;207266260;149810151;246739421;232144332;197442503;249928738;200717492;242963404;198336680;208169295;246173246;243287319;239413860;;;;;;;;;;;;;;;;;;;,32,653
0,59266039,251483909,2,44;,1,huawei,2,huawei_10,4,0,1,257140056;258833182;258910465;258936630;258672308;257997379;259543892;259422239;258672157;258672591;258673356;255172357;257428662;257448423;258400285;258201844;257618992;257970162;256853823;256854483;255661111;257097503;256924397;256236782;255850936;255851084;256377628;256082242;256067749;255917252;255822828;255995182;256009152;253748392;255970914;255410397;255431334;254901656;255777458;254207520;255287362;255395363;255641239;255282473;255521497;1003;255042021;254815368;254968319;255038336,0,4,1,199941497;244273354;256486282;258496057;244414234;220914651;259211070;258438112;240454041;257221728;255407699;148479392;257254655;252400104;229388729;255674597;249843989;194479104;256201267;195294371;176782670;249960929;196559034;254163110;254400972;240408106;254953455;214588076;252616969;247399486;99049991;245414541;251617244;189232007;208147648;201482249;210732733;220784751;251064542;246019845;248265440;244247344;251415091;242853332;242954208;208192480;250792920;169469767;251370345;228580077,1044,653
0,59266039,251483909,2,44;,1,huawei,2,huawei_10,4,0,1,257140056;258833182;258910465;258936630;258672308;257997379;259543892;259422239;258672157;258672591;258673356;255172357;257428662;257448423;258400285;258201844;257618992;257970162;256853823;256854483;255661111;257097503;256924397;256236782;255850936;255851084;256377628;256082242;256067749;255917252;255822828;255995182;256009152;253748392;255970914;255410397;255431334;254901656;255777458;254207520;255287362;255395363;255641239;255282473;255521497;1003;255042021;254815368;254968319;255038336,0,4,1,199941497;244273354;256486282;258496057;244414234;220914651;259211070;258438112;240454041;257221728;255407699;148479392;257254655;252400104;229388729;255674597;249843989;194479104;256201267;195294371;176782670;249960929;196559034;254163110;254400972;240408106;254953455;214588076;252616969;247399486;99049991;245414541;251617244;189232007;208147648;201482249;210732733;220784751;251064542;246019845;248265440;244247344;251415091;242853332;242954208;208192480;250792920;169469767;251370345;228580077,1044,653
0,59266039,251483909,2,44;,1,huawei,2,huawei_10,4,0,1,258672308;257997379;258936630;259543892;259422239;258910465;258833182;258672157;258672591;258673356;255172357;257428662;257448423;258400285;258201844;257618992;257140056;257970162;256853823;256854483;255661111;257097503;256924397;256236782;255850936;255851084;256377628;256082242;256067749;255917252;255822828;255995182;256009152;253748392;255970914;255410397;255431334;254901656;255777458;254207520;255287362;255395363;255641239;255282473;255521497;1003;255042021;254815368;254968319;255038336,0,4,1,199941497;244273354;256486282;258496057;244414234;220914651;259211070;258438112;240454041;257221728;255407699;148479392;257254655;252400104;229388729;255674597;249843989;194479104;256201267;195294371;176782670;249960929;196559034;254163110;254400972;240408106;254953455;214588076;252616969;247399486;99049991;245414541;251617244;189232007;208147648;201482249;210732733;220784751;251064542;246019845;248265440;244247344;251415091;242853332;242954208;208192480;250792920;169469767;251370345;228580077,1044,653
0,59266039,251483909,2,44;,1,huawei,2,huawei_10,4,0,1,257997379;258936630;259543892;259422239;258910465;258833182;258672157;258672308;258672591;258673356;255172357;257428662;257448423;258400285;258201844;257618992;257140056;257970162;256853823;256854483;255661111;257097503;256924397;256236782;255850936;255851084;256377628;256082242;256067749;255917252;255822828;255995182;256009152;253748392;255970914;255410397;255431334;254901656;255777458;254207520;255287362;255395363;255641239;255282473;255521497;1003;255042021;254815368;254968319;255038336,0,4,1,199941497;244273354;256486282;258496057;244414234;220914651;259211070;258438112;240454041;257221728;255407699;148479392;257254655;252400104;229388729;255674597;249843989;194479104;256201267;195294371;176782670;249960929;196559034;254163110;254400972;240408106;254953455;214588076;252616969;247399486;99049991;245414541;251617244;189232007;208147648;201482249;210732733;220784751;251064542;246019845;248265440;244247344;251415091;242853332;242954208;208192480;250792920;169469767;251370345;228580077,1044,653
0,59266039,251483909,2,44;,1,huawei,2,huawei_10,4,0,1,257997379;258936630;259543892;259422239;258910465;258833182;258672157;258672308;258672591;258673356;255172357;257428662;257448423;258400285;258201844;257618992;257140056;257970162;256853823;256854483;255661111;257097503;256924397;256236782;255850936;255851084;256377628;256082242;256067749;255917252;255822828;255995182;256009152;253748392;255970914;255410397;255431334;254901656;255777458;254207520;255287362;255395363;255641239;255282473;255521497;1003;255042021;254815368;254968319;255038336,0,4,1,199941497;244273354;256486282;258496057;244414234;220914651;259211070;258438112;240454041;257221728;255407699;148479392;257254655;252400104;229388729;255674597;249843989;194479104;256201267;195294371;176782670;249960929;196559034;254163110;254400972;240408106;254953455;214588076;252616969;247399486;99049991;245414541;251617244;189232007;208147648;201482249;210732733;220784751;251064542;246019845;248265440;244247344;251415091;242853332;242954208;208192480;250792920;169469767;251370345;228580077,1044,653
0,59266039,251483909,2,44;,1,huawei,2,huawei_10,4,0,1,257140056;258833182;258910465;258936630;258672308;257997379;259543892;259422239;258672157;258672591;258673356;255172357;257428662;257448423;258400285;258201844;257618992;257970162;256853823;256854483;255661111;257097503;256924397;256236782;255850936;255851084;256377628;256082242;256067749;255917252;255822828;255995182;256009152;253748392;255970914;255410397;255431334;254901656;255777458;254207520;255287362;255395363;255641239;255282473;255521497;1003;255042021;254815368;254968319;255038336,0,4,1,199941497;244273354;256486282;258496057;244414234;220914651;259211070;258438112;240454041;257221728;255407699;148479392;257254655;252400104;229388729;255674597;249843989;194479104;256201267;195294371;176782670;249960929;196559034;254163110;254400972;240408106;254953455;214588076;252616969;247399486;99049991;245414541;251617244;189232007;208147648;201482249;210732733;220784751;251064542;246019845;248265440;244247344;251415091;242853332;242954208;208192480;250792920;169469767;251370345;228580077,1044,653
0,73263709,251483909,2,44;,1,xiaomi,5,xiaomi_9,4,0,1,50100771;223167390;206441337;178539521;148172185;80413958;23846772;218188436;148659066;108933086;74818522;180193723;147373324;155533610;157632063;224350383;244633480;245307458;239289446;234570996;233925062;254425347;84165289;242309160;75410848;139994899;229389833;142065629;229228422;258718485;126884228;258579514;240728893;257669790;255674597;257673244;250147551;208266919;257497328;250672737;257644084;125215391;255842132;149177377;141216611;243228847;250352629;208287741;203439648;224353929,1,1,0,176475794;241306191;249723161;250685557;258394081;258245418;193060397;213193427;178143721;254206150;251888772;209818060;235092722;244932771;239158144;256684716;256966829;182999117;233049167;202998181;252638953;241839958;245657003;250660309;257705657;184973031;197129955;237903946;251796933;203496056;257825150;252044773;245936140;255792260;249617948;256500558;257634186;208296935;252033385;256507401;229388729;254703849;257213624;256081757;250815683;198381330;242509335;254679362;257597781;247264552,1044,653
0,59266039,251483909,2,44;,1,huawei,2,huawei_10,4,0,1,259543892;259422239;258910465;258833182;258672157;258672308;258672591;258673356;255172357;257428662;257448423;258400285;258201844;257618992;257140056;257970162;256853823;256854483;255661111;257097503;256924397;256236782;255850936;255851084;256377628;256082242;256067749;255917252;255822828;255995182;256009152;253748392;255970914;255410397;255431334;254901656;255777458;254207520;255287362;255395363;255641239;255282473;255521497;1003;255042021;254815368;254968319;255038336;255092257;255142087,0,4,1,199941497;244273354;256486282;258496057;244414234;220914651;259211070;258438112;240454041;257221728;255407699;148479392;257254655;252400104;229388729;255674597;249843989;194479104;256201267;195294371;176782670;249960929;196559034;254163110;254400972;240408106;254953455;214588076;252616969;247399486;99049991;245414541;251617244;189232007;208147648;201482249;210732733;220784751;251064542;246019845;248265440;244247344;251415091;242853332;242954208;208192480;250792920;169469767;251370345;228580077,1044,653
0,18120323,251483909,2,44;,1,iphone,1,iphone_ios 14,4,1,2,245301828;259214041;64330619;140832483;76705387;245334226;138875063;115068765;117299581;257911198;218529544;17625187;28335443;244014612;253258528;30553057;253180217;252807203;163192299;247383278;167534373;251162361;;;;;;;;;;;;;;;;;;;;;;;;;;;;,1,2,0,243584875;187902423;237764153;232307571;205749959;179119945;241306191;131151283;232964540;250258334;202222899;220751284;211465685;246739421;234099627;238683717;197108360;238898543;258738117;198381330;243710842;254962648;232589940;196278244;254124487;247691952;256644104;206388161;252844561;252655722;210771400;238474480;214042459;196880541;212356268;206104473;239763264;195588506;179886846;198788268;225172407;202722854;251271401;251413510;254453488;236659003;242963404;252867136;247716788;247257995,1044,653
0,59266039,251483909,2,44;,1,huawei,2,huawei_10,4,0,1,257140056;258833182;258910465;258936630;258672308;257997379;259543892;259422239;258672157;258672591;258673356;255172357;257428662;257448423;258400285;258201844;257618992;257970162;256853823;256854483;255661111;257097503;256924397;256236782;255850936;255851084;256377628;256082242;256067749;255917252;255822828;255995182;256009152;253748392;255970914;255410397;255431334;254901656;255777458;254207520;255287362;255395363;255641239;255282473;255521497;1003;255042021;254815368;254968319;255038336,0,4,1,199941497;244273354;256486282;258496057;244414234;220914651;259211070;258438112;240454041;257221728;255407699;148479392;257254655;252400104;229388729;255674597;249843989;194479104;256201267;195294371;176782670;249960929;196559034;254163110;254400972;240408106;254953455;214588076;252616969;247399486;99049991;245414541;251617244;189232007;208147648;201482249;210732733;220784751;251064542;246019845;248265440;244247344;251415091;242853332;242954208;208192480;250792920;169469767;251370345;228580077,1044,653
0,59266039,251483909,2,44;,1,huawei,2,huawei_10,4,0,1,257140056;258833182;258910465;258936630;258672308;257997379;259543892;259422239;258672157;258672591;258673356;255172357;257428662;257448423;258400285;258201844;257618992;257970162;256853823;256854483;255661111;257097503;256924397;256236782;255850936;255851084;256377628;256082242;256067749;255917252;255822828;255995182;256009152;253748392;255970914;255410397;255431334;254901656;255777458;254207520;255287362;255395363;255641239;255282473;255521497;1003;255042021;254815368;254968319;255038336,0,4,1,199941497;244273354;256486282;258496057;244414234;220914651;259211070;258438112;240454041;257221728;255407699;148479392;257254655;252400104;229388729;255674597;249843989;194479104;256201267;195294371;176782670;249960929;196559034;254163110;254400972;240408106;254953455;214588076;252616969;247399486;99049991;245414541;251617244;189232007;208147648;201482249;210732733;220784751;251064542;246019845;248265440;244247344;251415091;242853332;242954208;208192480;250792920;169469767;251370345;228580077,1044,653
0,59266039,251483909,2,44;,1,huawei,2,huawei_10,4,0,1,257997379;258936630;259543892;259422239;258910465;258833182;258672157;258672308;258672591;258673356;255172357;257428662;257448423;258400285;258201844;257618992;257140056;257970162;256853823;256854483;255661111;257097503;256924397;256236782;255850936;255851084;256377628;256082242;256067749;255917252;255822828;255995182;256009152;253748392;255970914;255410397;255431334;254901656;255777458;254207520;255287362;255395363;255641239;255282473;255521497;1003;255042021;254815368;254968319;255038336,0,4,1,199941497;244273354;256486282;258496057;244414234;220914651;259211070;258438112;240454041;257221728;255407699;148479392;257254655;252400104;229388729;255674597;249843989;194479104;256201267;195294371;176782670;249960929;196559034;254163110;254400972;240408106;254953455;214588076;252616969;247399486;99049991;245414541;251617244;189232007;208147648;201482249;210732733;220784751;251064542;246019845;248265440;244247344;251415091;242853332;242954208;208192480;250792920;169469767;251370345;228580077,1044,653
0,22418168,251483909,2,44;,1,iphone,1,iphone_ios 13,4,1,1,257451224;255241791;255283431;257455405;246304796;199657628;218859839;231685350;158300741;;;;;;;;;;;;;;;;;;;;;;;;;;;;;;;;;;;;;;;;;,0,4,1,254882570;214583423;146864997;203070312;174620596;151801206;205464305;255674597;258638216;120531293;196278244;205749959;258769374;250667970;258678710;226493983;176457190;221641840;248498839;205475249;258636484;223897800;202184362;251427337;227118304;258661300;244418200;154905415;258618845;248534248;183143988;258314961;183162911;255282187;249655143;165701667;204051665;239763264;235734815;241697518;226446821;237035130;257912756;256775189;101968002;215369748;257304088;234948566;245657003;120466068,1044,653
0,14674805,251483909,2,44;,1,huawei,2,huawei_10,4,0,1,250822595;253459752;255936792;252548239;240487711;254602564;255168846;141491591;254873086;254873259;1003;252854506;245373210;;;;;;;;;;;;;;;;;;;;;;;;;;;;;;;;;;;;;,1,4,0,258290678;250016334;129307432;249723161;207387126;222856611;258908131;245965469;250815683;251384063;115421380;175778732;214346783;220808405;255552053;255621014;226824786;251598217;244932771;206771667;207024288;248413735;255370369;256875988;243517556;255106359;258277043;246991151;249617948;185603595;145929277;258265248;235092722;252400104;258407005;178369031;205021736;247264552;114296905;197111454;257729727;133832024;245783020;238729078;188919902;248458632;255674597;234914804;257057020;207839477,1073,653
0,63302578,251483909,2,44;,2,ipad,1,ipad_ios 13,4,1,4,216557578;233366857;231358950;258174972;209755249;227533649;;;;;;;;;;;;;;;;;;;;;;;;;;;;;;;;;;;;;;;;;;;;,0,4,1,259405801;260054268;203122335;260243641;259243258;258978167;260178222;259945109;259932868;185881812;247448865;259847460;259516362;259388628;204317550;247285472;259432069;259409521;259203321;259462192;259424293;259350150;259426143;259458476;259490564;259369968;258957199;258755974;250792920;259392570;253281114;259417190;252696984;258949431;241695209;242980269;259344274;259353902;259380233;250368264;259203245;245576743;259207170;258605493;255238921;231968684;259498640;259435741;207033736;259377282,1044,653
0,597396,251483909,2,44;,2,ipad,1,ipad_ios 14,4,1,4,180624592;259696764;241443887;235978249;210527846;259419795;259243780;259854981;253728309;243170946;207269266;259316351;259911403;259801661;219369580;242865099;243039966;254830988;23044109;102204365;172065965;259476758;257654611;257781041;258388382;260032378;202573136;259461050;247448865;168099827;210261063;184406859;221572428;234302683;244243053;259458646;248665991;83541528;259689976;218641512;74710714;20816691;181926884;254554716;259924445;259947995;259950880;259950922;259820305;202727763,0,4,0,211235765;200501157;259382250;226770058;259214458;260119639;207865650;220904789;259902481;206794135;260206850;254688307;155416176;258733643;248173113;194247054;232589940;232964540;257972415;166714437;256461695;203056644;240266248;217998599;259582291;258773021;259906433;206146681;241309891;259323225;217914241;145731585;209841674;258530352;243038901;207914720;259783809;259606469;252431182;257858660;177387770;237899667;249987004;242185223;250463979;258781726;259181352;257307546;258561081;248420655,1080,653
0,1726717,251483909,2,44;,1,huawei,2,huawei_10,4,0,3,142527273;203152027;203282430;142395090;218020805;254325127;211772508;255888895;256932046;240497019;256530811;247057356;208390563;212991706;111845308;162956323;117987775;;;;;;;;;;;;;;;;;;;;;;;;;;;;;;;;;,1,4,0,227338599;239080976;251119055;258773021;248869985;226589336;208629743;258174062;128378877;235420003;247264552;175907515;139410088;215365394;149404776;215748499;239763264;234851640;190110919;243962838;;;;;;;;;;;;;;;;;;;;;;;;;;;;;;,1044,653
0,25004211,251483909,2,44;,1,huawei,2,huawei_10,3,0,1,245965469;240856024;254671989;88976958;146784332;215262338;61430697;52427996;184626801;184137596;249785100;257486763;257624995;96182883;1003;200509853;203620986;257175383;250852626;255519278;180149091;175638597;246144358;130924105;174159964;207841535;56193667;58250813;96075319;125234474;135638514;177440160;178660186;190208410;161689502;248539516;181241793;114692617;174152610;178283180;178291069;250817654;;;;;;;;,1,3,1,113678921;250660309;258433517;243110961;173857916;255936792;207063820;253613863;193021613;255674597;247716788;255792260;197627194;252044773;192405876;256286747;225037947;200674831;196349767;249725779;239043623;218895991;229308173;237579264;215380498;245597521;252616969;232430942;237801066;192949654;249974552;203371413;223047364;208169295;242963404;187809439;240378273;167640756;130932273;200329080;248838762;236696177;253976599;249963634;227118304;253330422;243259572;253669637;205122546;170097443,1018,653
0,65573075,251483909,2,44;,1,iphone,1,iphone_ios 13,4,1,1,179783448;178715915;177782963;176617181;175900328;175715392;175351377;174789294;174046444;187252216;185495066;183852053;183076182;182596154;180379861;184697458;194941065;206571895;210871609;216302593;231216191;169987491;186053157;197956621;98084552;145945467;45968622;130979304;199965099;199966570;83302062;106810579;255945955;59821225;253258674;196871601;197048034;198583554;205220492;177479111;192654718;145880838;195890960;203821064;208098782;252303459;192584633;234786314;113518229;123450436,0,4,1,245964480;204947169;233349661;164102007;258107361;207266260;230198622;194577543;244538112;239368534;197411372;179931427;177638846;255936792;198488575;191475672;201246015;198963055;200093526;258483900;116071361;190699760;257645678;174863583;258780819;180833510;254996414;256426490;258889625;222359301;223830955;253954553;204271263;237413104;222659189;215124470;200670118;241570374;224948868;258524047;237328521;251384063;258769095;196635648;180056777;248087707;254470330;168140738;234649896;201156618,1044,653
0,14674805,251483909,2,44;,1,huawei,2,huawei_10,4,0,1,250822595;253459752;255936792;252548239;240487711;254602564;255168846;141491591;254873086;254873259;1003;252854506;245373210;;;;;;;;;;;;;;;;;;;;;;;;;;;;;;;;;;;;;,1,4,0,258377212;195193765;258174062;259540771;258290678;250016334;129307432;207387126;249723161;222856611;258908131;245965469;250815683;251384063;115421380;175778732;214346783;220808405;255552053;255621014;226824786;244932771;251598217;207024288;206771667;255370369;256875988;248413735;258277043;249617948;246991151;243517556;255106359;185603595;145929277;258265248;235092722;252400104;258407005;178369031;205021736;247264552;114296905;197111454;257729727;133832024;245783020;238729078;188919902;248458632,1073,653
0,260924935,251483909,2,44;,1,huawei,2,huawei_9,4,0,3,259780514;242264783;259791601;260700432;260095405;;;;;;;;;;;;;;;;;;;;;;;;;;;;;;;;;;;;;;;;;;;;;,1,4,1,198724086;206771667;251618706;246983002;259664218;227976605;259314394;217659332;245965469;258564796;239473764;259398718;228422300;255951157;227118304;237749511;242567824;;;;;;;;;;;;;;;;;;;;;;;;;;;;;;;;;,1102,653
0,40451343,251483909,2,44;,1,huawei,2,huawei_10,4,0,1,245965469;197659349;261130578;143520896;260714743;79115424;260782629;239537921;242608116;193890517;235400895;225552215;247961987;257708602;253459752;166118677;252593972;202459664;245888810;;;;;;;;;;;;;;;;;;;;;;;;;;;;;;;,1,4,0,228716240;261160737;241695209;219971380;193487525;196880541;242481046;220659750;162798338;221281332;210771400;231787767;197108360;251415091;246865529;251384063;196823235;251745173;241306191;254703849;250660309;242945094;250593769;239413860;236793270;250815683;243409297;195588506;251756274;253670730;196972505;241582921;251610471;228271273;241484713;239158144;251271401;192761842;226566944;218493611;193200136;192950889;195193765;203285821;;;;;;,1030,653
0,84360873,251483909,2,44;,1,iphone,1,iphone_ios 13,4,1,3,259713719;256961989;255901065;255171431;254206028;;;;;;;;;;;;;;;;;;;;;;;;;;;;;;;;;;;;;;;;;;;;;,0,4,0,137610375;251745173;257342303;250685557;197960599;157670104;136213265;250660309;232964540;250792920;175156806;178784298;205446460;166945729;255674597;249725779;239158144;250087699;259034747;259214452;258689324;236696177;252400104;188919902;201400206;167640756;239763264;258359420;245657003;175043428;251885305;196349767;229090034;253612056;167742267;250147551;254679362;180056203;225057710;174372670;203394402;180295213;181032126;177869560;205464305;180051259;252616969;249735392;232430942;168424775,1044,653
0,6703232,251483909,2,44;,1,oneplus,9,oneplus_9,3,0,3,258854574;96759686;258787155;258328557;258614990;254469707;155170139;254602564;231308881;256862716;257484763;258470160;188704599;190352232;194445460;224224640;229191314;234718394;245398088;258749960;258616602;202112414;206924327;207032898;258724339;256966427;250666138;257808462;172545377;84555480;126322369;170563108;180594933;208949835;226205205;209196815;241862939;252221078;1003;179764792;252461894;239378299;258651135;132112350;258611991;193920517;253463381;237335955;258405118;258454025,1,4,0,234315834;222194267;257634618;176540473;219971380;258650755;255534610;231817289;255535306;258518823;179700563;209965688;206289874;195420327;241488067;158357486;232614731;257286769;166091873;108879532;258672948;258522663;251089129;218447977;225327055;178219748;240802166;225524978;223084997;127487042;185830344;200434067;120729838;86365224;212429248;244274358;258076256;258731750;258312465;138272235;234905400;223516439;258648368;238920306;225457035;258615553;135487810;150537298;258695071;86562519,1104,653
1,75286431,251483909,2,44;,1,iphone,1,iphone_ios 14,3,1,2,249725646;223091892;235734815;195588506;248832197;252341901;252011853;250732311;251586464;253455004;254800368;251476639;253459752;250788209;251468100;217224214;210693015;253425152;214236397;211757074;211085386;211305351;208929284;254689875;254963411;212738979;239330232;253987920;197855936;253498742;250440947;253298706;215748499;246058347;233049167;106427531;241582921;198788268;236840610;239413860;249735392;194153084;216834142;244586312;207042515;239158144;246448175;188271409;244973959;250706921,0,1,0,239370115;182999117;208253769;220890421;203496056;204169254;254301804;163204168;207293439;257298804;257922287;253940229;221234634;253535583;246755778;248387940;222545091;248830586;242717893;247123933;219566822;208350045;208557746;250685557;253580370;130212088;248530682;234078762;249586308;257967678;235092722;258271672;249676375;109914647;195179144;233807518;228577070;246983657;175758503;257634618;255474329;256384984;193862585;257110957;191203995;170115790;254547950;257425496;233645890;248405053,1030,653
0,31405018,251483909,2,44;,1,iphone,1,iphone_ios 14,4,1,1,254837597;96182883;1003;178318805;171959890;81724863;180040180;212654456;250011385;249760546;;;;;;;;;;;;;;;;;;;;;;;;;;;;;;;;;;;;;;;;,1,4,0,254737230;244991840;246739421;177890318;226551160;115227231;208384558;256783586;255703715;251611586;177735305;194471873;188035278;196195977;188194341;172852869;257531998;244418759;245261163;199501893;246518491;186277909;219994232;190458049;231614223;197855936;198706814;194530408;244035749;124117878;252844561;222178754;188919902;255792260;234948566;236840610;193777353;133582731;205464305;198305709;198381330;146736379;203012504;237035130;242160687;256773285;182999117;192376571;255674597;236802695,1101,653
0,52147959,251501412,3,1357;,1,huawei,2,huawei_10,4,0,3,259729530;96182883;178212383;;;;;;;;;;;;;;;;;;;;;;;;;;;;;;;;;;;;;;;;;;;;;;;,1,4,1,198963055;226076400;249585765;225896244;259016402;257547958;202450040;258769095;200882424;220242154;261247458;182660244;256880620;232946437;251563568;250970016;242248203;224948868;207688117;254712026;152228052;261250744;254948484;261462853;247264434;255451376;205029444;180056777;170590952;198218005;224830421;193040472;260175012;254742658;230316232;208950327;237659098;254882570;255863051;168436738;238527325;219140679;219883716;205809193;261152493;149810151;260564372;210781221;169606639;149926063,1102,52
0,51578385,251501412,3,1357;,1,iphone,1,iphone_ios 14,4,1,1,;;;;;;;;;;;;;;;;;;;;;;;;;;;;;;;;;;;;;;;;;;;;;;;;;,0,4,0,;;;;;;;;;;;;;;;;;;;;;;;;;;;;;;;;;;;;;;;;;;;;;;;;;,1102,52
0,1036505,251504733,2,44;,1,oppo,3,oppo_10,4,0,4,204289932;204290720;204291046;204289644;204290513;251040769;232095106;213816460;257893564;204289428;204290906;239045597;251665281;252564589;252426514;252270335;;;;;;;;;;;;;;;;;;;;;;;;;;;;;;;;;;,0,3,0,247542189;259315944;239805424;251413510;238146258;258107427;259463138;211126675;236696177;258714667;189217174;180053173;180056246;182275998;257561282;257606524;211950365;204051665;245415531;255674597;242183142;167180222;246144358;254171697;250087245;177134519;248222249;223167642;151286231;253987920;252844561;254474191;202899816;230985097;171097930;252867136;245147251;249970062;239158144;253298706;249735392;199396305;184973031;253999739;244321754;249725779;167116633;253546362;229308173;205464305,1006,284
0,16319302,251504733,2,44;,1,samsung,6,samsung_10,4,0,1,195057221;260374959;210298321;257463368;209318769;253675913;233774098;225747029;196977952;260743770;180336797;253468620;181014689;257315093;206039741;234142060;250384937;179739719;258153374;252570295;256616087;257652418;248614337;242732145;258624368;258624070;256397716;212100402;231485189;244657770;250697731;253471691;244027575;259792484;198612454;258041770;245601323;198714365;259708765;251486318;248814667;247140794;199176194;260180330;260179900;202203480;248030972;259418947;230238017;244142986,0,2,0,;;;;;;;;;;;;;;;;;;;;;;;;;;;;;;;;;;;;;;;;;;;;;;;;;,1074,284
0,305442276,251504733,2,44;,1,huawei,2,huawei_10,3,0,2,261269550;261244731;261078226;256779642;198301803;247303569;248103949;248613339;251753860;96182883;1003;223070968;254602564;254471106;24633311;223994605;63616804;200277277;94387005;;;;;;;;;;;;;;;;;;;;;;;;;;;;;;;,1,1,1,249976720;259964403;234783223;212634776;256675551;260952668;255788670;199240901;260932404;253180877;259316030;215304898;250540970;176699016;237745774;222068079;246386282;260496558;261168506;245552283;219987190;201159511;221850517;155416176;253613703;246855935;260832701;198015122;199028073;259780514;242988990;248150912;242845524;206035373;246739421;249687171;205734121;259142770;253795608;244021361;185027309;260415061;192478495;155308459;218175451;109077905;240119772;241646328;118766287;249993091,32,284
0,12048734,251504733,2,44;,1,iphone,1,iphone_ios 13,4,1,2,255168846;254975774;253067812;;;;;;;;;;;;;;;;;;;;;;;;;;;;;;;;;;;;;;;;;;;;;;;,0,4,0,250660309;206794135;235940936;238680794;257684632;251828659;179119945;249723161;192021015;255674597;247264552;109077905;204051665;234099627;124117878;236630664;196830348;232909402;245597521;249862951;230316232;239805424;246144358;250354206;205464305;146736379;252591089;195921552;237903946;248458632;255408693;198381330;240372223;203012504;235734815;227118304;207959589;222359301;194963874;255289969;182660244;250017496;187678364;255104996;199501893;239787466;254127154;239763264;254545331;180056122,1100,284
1,4210757,251504733,2,44;,1,huawei,2,huawei_9,4,0,1,107945307;8613148;256627425;156211895;151289320;32525054;215535145;220322512;107157254;1101099;16722081;134478398;14525348;33182923;173511890;144288822;260971092;1492943;246567711;201244671;89574445;38707007;2979969;903861;135148234;138237556;22897803;258117760;205328813;202716630;68065061;201957907;171403779;24898838;148388735;139411821;66082830;90607176;198425197;94206054;758673;91999990;81371177;118273967;73153254;1329661;30296141;1300879;219205472;204163959,1,4,0,258564755;198827964;196037934;205772640;248664615;261302615;261409120;92879955;260541339;177976471;261450996;261348542;189036349;127215938;215856444;243816324;256204951;260203949;261315682;242507958;209187531;261231203;242168196;203840918;149227747;260919476;236091305;258572837;213984301;214808849;208246131;161843060;261238999;259742055;233452115;260733925;259314394;261362084;261428287;260422774;259922401;181529927;260297978;259161365;261470238;258332510;176498515;261230241;243116622;252842729,1102,284
1,8878493,251504733,2,44;,1,huawei,2,huawei_10,3,0,3,243958247;240733361;158166221;146818768;219181467;202109162;242498675;256355752;260083852;224482701;209642987;156924779;166691535;211117891;245090695;254415149;206502728;183858387;240694856;149179531;207768229;259710014;119262262;245670708;114464680;55548235;2979969;201244671;245901423;259586175;196488235;250339289;259542460;234904041;249861858;259151070;251249515;258997033;202056765;94817005;258580114;252984213;223314205;187145470;240907764;257981254;242053583;251245483;201873404;230798682,1,4,0,254826873;210194218;260083134;247681392;203473457;260498064;244418200;256876583;261021683;191784386;260711154;260993776;239384026;260808413;260983801;195090224;149031946;259994178;261047620;260996943;259149515;197641504;217035396;255282285;260833051;260829184;215438896;260887434;181595261;209376951;221935032;163065714;201236823;235996709;195076666;241723327;260541485;252236772;260069498;246865529;195384166;208349981;257195258;259899810;225925351;232820516;183459548;246712059;193727033;198434712,32,284
0,4809240,251504733,2,44;,1,huawei,2,huawei_10,4,0,1,258306126;226857584;254301804;66793661;148718025;151925816;48892771;86871059;260403564;78024849;85969189;146818768;206502728;119403324;221935032;202109162;207850332;155510089;149179531;1845357;258916354;248523426;258769095;187809439;206943449;248666554;211235765;229308173;222657435;221858138;180931356;233049167;205464305;129450545;259469800;238146258;252616969;259034747;245387125;233198776;239763264;249725779;145929277;258108143;191552248;257802463;258419936;142199651;125866961;112446569,0,4,0,254986969;214021191;198788268;251559042;203245986;179133693;243667749;250170619;177800232;260853784;245670708;230718224;237891776;180777157;184215223;257883066;250558446;255409879;258938272;216723842;205254347;260124384;206681011;259024960;260597859;203659955;252743620;230350919;259631842;250625246;232700872;224458576;260662305;176766952;233241778;259994178;195588506;230893494;205243515;238729078;259989909;203871391;260676771;239901011;194238904;240437467;179129110;252431182;260614742;247716788,1102,284
1,891929,251504733,2,44;,1,huawei,2,huawei_10,4,0,1,153269763;261240513;184215223;166691535;261362305;196913395;239802305;245891191;246983796;253547999;253951775;216383529;230931113;203180124;252368455;181436484;247276266;210386767;146818768;258996749;209376951;209642987;203473457;259816370;16102125;36428052;52243065;207432509;238015761;247666690;253903096;209199189;260621399;260705042;207620045;164794111;150242428;157620567;260697202;160769768;260853170;85958707;255940560;246817048;208246131;227757596;233678729;152357566;239804408;234529028,1,4,0,253973855;247857322;167216397;249755050;237643972;260704956;259161365;225025028;236701326;245551727;260062221;254477524;180895487;261344447;258651266;260075473;202839884;247554380;259602417;260733925;240535478;235278332;247711980;176157481;261485029;238332393;260175012;261312464;183138434;207865650;261377561;173052008;209930129;231796385;261319594;243073770;261341964;260308490;254245118;205615846;249598344;;;;;;;;;,1102,284
0,23821993,251504733,2,44;,1,huawei,2,huawei_10,4,0,3,259935116;196977952;188893159;193603012;238978276;241199582;246814613;249710539;259260157;202112414;197035152;197711357;200884576;246712390;255174063;259258863;123081181;248683033;248493774;251097847;259363408;79174720;110659124;119371231;119685357;127292100;130471532;134733881;135709134;157656363;259248142;232024000;257319089;248458632;257874566;229090034;251117684;253301139;256397854;257175836;253160167;253915454;256597669;240487711;236840610;246983657;242660312;249892209;256775150;78383297,0,4,0,259883064;204852689;253561046;247691952;250482389;249658834;250660309;193479729;251315334;230089650;259830074;243270425;240671421;201402497;259517593;259291543;252875142;208179794;247642861;248763954;218068044;259392193;247405118;254632114;210214513;258896161;246639607;259629127;198096565;242713348;206038382;259206597;214583423;253512404;200455453;186168414;248814667;252253311;200964818;241003625;240697576;241650121;259765367;214457370;253960136;259926997;254289064;253597864;249953435;171380950,1026,284
0,46415750,251508492,3,94;,1,huawei,2,huawei_10,4,0,1,260746273;260711950;261167440;261201313;251360824;200280880;261520443;260871920;258736261;237041955;201924458;246146156;250730024;259814567;209137086;188080006;223976209;215771119;237486035;261301813;261613800;223054157;261078980;261508941;207543421;195500016;186815253;199530533;230195671;199961338;207274397;210789990;261360600;238712406;261352685;198591735;212153901;202375134;261365752;187379154;187807922;160985753;260458325;153915136;247563200;244571930;200432116;204180727;160064083;247242710,0,2,0,;;;;;;;;;;;;;;;;;;;;;;;;;;;;;;;;;;;;;;;;;;;;;;;;;,1074,455
0,75169494,251508880,2,44;,1,vivo,4,vivo_9,4,0,4,246375461;261277989;246865893;247676333;261002668;261274564;255019304;259433925;220610445;255662940;261226278;261278790;247358239;254682970;247450927;246525413;246415242;248082174;247625261;248232897;260275021;151343420;261509336;261110471;250476089;261117781;247765360;247134285;260704015;225319195;223785671;253647861;261423944;239188638;245630638;247089890;256959909;259566166;245763791;247941170;247806352;260835343;248584437;259733820;259433188;215378924;255534186;;;,1,3,1,;;;;;;;;;;;;;;;;;;;;;;;;;;;;;;;;;;;;;;;;;;;;;;;;;,1063,436
0,63155683,251508880,2,44;,1,honor,2,honor_10,4,0,2,212628966;261134442;260838134;243085270;239366992;258947230;259243004;261078980;243991545;261162182;240055890;251607376;261147765;260927263;205002777;261071984;260790138;261213765;229708383;261129991;260574556;261093685;184973031;261099632;226893726;258128660;255659894;221772061;257730475;191686855;261004185;231615774;260966492;260374959;183195248;260422774;259228651;232888239;258769095;258053974;258901382;259419001;261000033;259098007;243035434;261097381;261103750;199558978;234402861;259008379,1,4,2,;;;;;;;;;;;;;;;;;;;;;;;;;;;;;;;;;;;;;;;;;;;;;;;;;,1063,436
0,20661947,251508880,2,44;,1,honor,2,honor_10,3,0,1,175228636;225172407;242812322;256269899;260490839;259363471;232038934;186184464;199501893;;;;;;;;;;;;;;;;;;;;;;;;;;;;;;;;;;;;;;;;;,0,4,1,239113753;201152722;252655530;238146258;212356268;236696177;234914804;203496056;255625757;260932404;247140794;210498369;238221107;246299167;246739288;255951157;208246131;199770548;191821542;261147387;201507082;216442611;217914304;231787767;241308895;193487525;171560610;202514299;227617646;247844863;181531498;250625246;244353407;194550883;173596276;209388800;192984736;250368557;260995545;254688307;249898146;231968684;212892052;242953794;199080938;253313022;207392181;260264716;185027309;208817589,1101,436
0,285564350,251508880,2,44;,1,huawei,2,huawei_9,4,0,3,;;;;;;;;;;;;;;;;;;;;;;;;;;;;;;;;;;;;;;;;;;;;;;;;;,1,4,0,;;;;;;;;;;;;;;;;;;;;;;;;;;;;;;;;;;;;;;;;;;;;;;;;;,1063,436
0,50828817,251508880,2,44;,1,iphone,1,iphone_ios 12,3,1,1,135188913;194130337;143420168;230429781;97008366;103731395;115241897;132706016;204419030;251717692;;;;;;;;;;;;;;;;;;;;;;;;;;;;;;;;;;;;;;;;,0,2,1,171036450;258655143;208705197;258683383;258658423;255589011;204699235;258559178;162485348;258673681;244146166;257634618;199116663;194959413;258547913;250378562;199058341;257941510;251381811;199657862;258023947;254532251;204299416;256652256;254574724;257543002;249940018;252831808;252065760;217446534;247139090;255728236;198017558;255957013;256035095;251483909;254567567;132545164;251666022;255509159;254760826;255283836;250998270;171008010;255549184;234099627;235279993;239763264;252703779;251901669,1100,436
0,179483225,251508880,2,44;,1,huawei,2,huawei_9,4,0,3,220666712;195100854;261155991;199494558;240575885;207829151;249606828;156214428;230787798;226075192;205748775;222720089;252809052;254429805;217882136;261153587;202399249;195170336;261003588;209458228;261027098;202729037;260443428;205158749;260608342;254929584;234833596;260699824;261118863;216459244;203386683;234079410;246019427;238660992;243528292;254965087;185525238;261143454;260675695;206500559;;;;;;;;;;,1,4,2,;;;;;;;;;;;;;;;;;;;;;;;;;;;;;;;;;;;;;;;;;;;;;;;;;,1063,436
0,75169494,251508880,2,44;,1,vivo,4,vivo_9,4,0,4,260173429;260430396;260572448;260691006;260702435;260827898;260841118;261110272;261110471;261118950;261213780;246375461;121503283;245398495;205919718;255019304;236586340;261277989;261274564;236625934;220610445;261270877;261137912;261226278;261275553;247358239;247450927;248082174;248232897;246525413;261117781;247134285;247765360;233351430;253647861;245630638;260988335;260876542;260647347;256959909;247806352;89944228;98646318;90888865;260835343;248584437;255534186;259733820;249784855;259209702,1,3,1,;;;;;;;;;;;;;;;;;;;;;;;;;;;;;;;;;;;;;;;;;;;;;;;;;,1063,436
0,12448597,251508880,2,44;,1,huawei,2,huawei_10,3,0,1,255782328;251882749;259554578;262019685;188244207;261324569;259504909;202606586;261706254;259494947;256924976;260266221;260116860;261181832;260094055;190764013;249813448;261138890;249767149;215292784;201510070;198005727;216189464;222438958;214332815;213626923;260089699;258472325;259663823;259530014;255523018;254220566;254128310;254545251;259879574;261580601;250744395;261411378;258414904;191960053;250712645;255289639;261537096;252655722;221643701;226386323;240728893;259024960;260520948;194251293,0,3,0,254376759;261033236;261557064;261214094;256388770;261978554;261458002;255247979;261387488;262033147;251851173;261147740;261069000;258689221;261840584;237587692;260985900;261133772;261987132;206586022;261717957;261340463;258943389;250231668;260273118;262081493;261021602;261139767;262058066;249882356;258796625;251810966;252514849;260073015;261132295;261093685;261933664;261709976;241816741;261032717;260711154;261705775;188646266;261086626;262027325;198274766;261040015;253477420;250842105;250977789,1102,436
0,75898738,251508880,2,44;,1,iphone,1,iphone_ios 11,4,1,2,215831501;122834090;;;;;;;;;;;;;;;;;;;;;;;;;;;;;;;;;;;;;;;;;;;;;;;;,0,4,1,221281332;256269899;251384063;215748499;177735305;240266248;232617616;217998599;192887083;124915647;240548366;198963055;172852869;209291848;241697045;131817943;207889439;258280069;253722950;232826033;224318055;200684370;249963376;207024288;250433639;202434343;133582731;203162905;243049326;223091892;237610981;248530682;239413860;252695129;250685557;236114187;194364317;206468398;175059589;236224723;156914106;176949067;181212760;238729078;248666554;231614223;222661073;253498742;204919617;113614694,1100,436
